GeoFips,GeoName,LineCode,Description,1979,1980,1981,1982,1983,1984,1985,1986,1987,1988,1989,1990,1991,1992,1993,1994,1995,1996,1997,1998,1999,2000,2001,2002,2003,2004,2005,2006,2007,2008,2009,2010,2011,2012,2013,2014,2015,2016,2017,2018,2019
1000,Alabama,51,Disposable personal income (millions of dollars),25117.5,27622.7,30606.5,32640.5,34950.9,38618,41264.9,43684.9,45989.5,49858.6,53911.8,57409.8,60943.4,65722,68664.9,72403.1,76363.4,79536,83369,88728.8,91722.6,96192,99635.8,104090.6,109538.9,117761,123445.9,130464.7,136588.7,141413.6,142709.4,148309.8,152895.9,157976.4,158293.2,163941.8,170753,173580,181189,189593,196103.7
1000,Alabama,52,Population (persons) 1/,3869444,3900368,3918533,3925263,3934100,3951824,3972520,3991569,4015262,4023842,4030219,4050055,4099156,4154014,4214202,4260229,4296800,4331102,4367935,4404701,4430141,4452173,4467634,4480089,4503491,4530729,4569805,4628981,4672840,4718206,4757938,4785437,4799069,4815588,4830081,4841799,4852347,4863525,4874486,4887681,4903185
1000,Alabama,53,Per capita disposable personal income (dollars) 2/,6491,7082,7811,8315,8884,9772,10388,10944,11454,12391,13377,14175,14867,15821,16294,16995,17772,18364,19087,20144,20704,21606,22302,23234,24323,25992,27013,28184,29230,29972,29994,30992,31859,32805,32772,33860,35190,35690,37171,38790,39995
2000,Alaska,51,Disposable personal income (millions of dollars),4768.6,5506.6,6129.5,7614.2,8386.9,9027.2,9827.4,10047.9,9547.3,10017.3,10796.5,11369.7,11978.7,12814.8,13496,13911.8,14327.5,14689.5,15432.3,16146.1,16688.1,17919.5,18922,20208,21317.8,22452.7,23805.2,25306.8,27049.7,29657.5,30431.9,32623.4,34746.4,36117.4,35482.8,37548.2,38665.6,38165.6,39059.6,40973.1,42383.1
2000,Alaska,52,Population (persons) 1/,403544,405315,418493,449606,488418,513704,532496,544269,539310,541984,547160,553290,570193,588736,599432,603308,604412,608569,612968,619932,624779,627963,633714,642337,648414,659286,666946,675302,680300,687455,698895,713910,722128,730443,737068,736283,737498,741456,739700,735139,731545
2000,Alaska,53,Per capita disposable personal income (dollars) 2/,11817,13586,14647,16935,17172,17573,18455,18461,17703,18483,19732,20549,21008,21767,22515,23059,23705,24138,25176,26045,26710,28536,29859,31460,32877,34056,35693,37475,39761,43141,43543,45697,48117,49446,48141,50997,52428,51474,52805,55735,57936
4000,Arizona,51,Disposable personal income (millions of dollars),20375.1,23549.2,26664.6,28528.9,31702.4,35873.4,39725.8,43515.1,46796.6,50843.2,54296.9,56883.8,60010.2,64331.4,69005.6,75352.4,82114.4,88076.9,95119.2,103488.5,109056.3,118151.2,124067.3,131647,140595,153507.6,168149.7,186304.4,196782.2,201049,195647.5,198115.2,205290.2,215280.5,218985.3,232322.2,243326.8,254140.2,269426.9,287497.1,300903.8
4000,Arizona,52,Population (persons) 1/,2638582,2737774,2810108,2889860,2968924,3067134,3183539,3308261,3437103,3535183,3622184,3684097,3788576,3915740,4065440,4245089,4432499,4586940,4736990,4883342,5023823,5160586,5273477,5396255,5510364,5652404,5839077,6029141,6167681,6280362,6343154,6407172,6472643,6554978,6632764,6730413,6829676,6941072,7044008,7158024,7278717
4000,Arizona,53,Per capita disposable personal income (dollars) 2/,7722,8602,9489,9872,10678,11696,12479,13153,13615,14382,14990,15440,15840,16429,16974,17750,18526,19202,20080,21192,21708,22895,23527,24396,25515,27158,28797,30901,31905,32012,30844,30921,31717,32842,33016,34518,35628,36614,38249,40164,41340
5000,Arkansas,51,Disposable personal income (millions of dollars),14419.6,15501.5,17587.1,18367.6,19686,22115.2,23421.4,24691.6,25608.9,27535,29447.2,30959.3,32856.8,35847.5,37584,39796.8,42274.9,44817.1,46798.7,49519.9,51586.2,54104.4,57065.4,59356.4,63543.8,67767.1,70843,75233.1,79630.6,82497.1,82689.5,85550.5,90528,97535.2,96926.6,102744.4,106262,108877.6,112887.5,118020.2,121680.1
5000,Arkansas,52,Population (persons) 1/,2269115,2288738,2293204,2294254,2305766,2319767,2327046,2331988,2342357,2342655,2346354,2356586,2383144,2415984,2456303,2494019,2535399,2572109,2601090,2626289,2651860,2678588,2691571,2705927,2724816,2749686,2781097,2821761,2848650,2874554,2896843,2921964,2940667,2952164,2959400,2967392,2978048,2989918,3001345,3009733,3017804
5000,Arkansas,53,Per capita disposable personal income (dollars) 2/,6355,6773,7669,8006,8538,9533,10065,10588,10933,11754,12550,13137,13787,14838,15301,15957,16674,17424,17992,18855,19453,20199,21202,21936,23320,24645,25473,26662,27954,28699,28545,29278,30785,33039,32752,34624,35682,36415,37612,39213,40321
6000,California,51,Disposable personal income (millions of dollars),218823.1,248346.5,279731.4,301925,327046.4,363016.2,390127.6,419192.1,446458.4,489727.3,522102.1,560582.5,586642.5,623681.3,639159.8,658421.4,688273.7,723365.6,761912.3,823461.7,866990.3,938515.8,993174.5,1046531.5,1105966,1178646.5,1229377.3,1318387.4,1366273.2,1394628.1,1392483.4,1450285.8,1529157.4,1628144.1,1632728.2,1744745.2,1862722.6,1954256.6,2050257.9,2172159.3,2267563.9
6000,California,52,Population (persons) 1/,23255069,23800800,24285933,24820007,25360023,25844397,26441107,27102238,27777160,28464250,29218165,29959515,30470736,30974659,31274928,31484435,31696582,32018834,32486010,32987675,33499204,33987977,34479458,34871843,35253159,35574576,35827943,36021202,36250311,36604337,36961229,37319502,37638369,37948800,38260787,38596972,38918045,39167117,39358497,39461588,39512223
6000,California,53,Per capita disposable personal income (dollars) 2/,9410,10434,11518,12165,12896,14046,14755,15467,16073,17205,17869,18711,19253,20135,20437,20913,21714,22592,23454,24963,25881,27613,28805,30011,31372,33132,34313,36600,37690,38100,37674,38861,40628,42904,42674,45204,47863,49895,52092,55045,57389
8000,Colorado,51,Disposable personal income (millions of dollars),24358.8,27893.9,31904.3,34991.7,38709.9,42355.6,44775.6,46686.9,48254.9,51195.3,54754.5,57786.7,61378.4,66691,71993.9,77212.5,83917.8,89863.2,95959.8,105661.4,113760.5,125716.5,133456.9,137072,141261.8,146521.4,154743.1,165881.1,175525.8,182427,178805.8,183642.2,197108.2,209932,219136.8,238092.1,248751.6,253130.6,272982.7,295351.6,309254.8
8000,Colorado,52,Population (persons) 1/,2849181,2908803,2977899,3061562,3133634,3169995,3208726,3237448,3260477,3262280,3275815,3307618,3387119,3495939,3613734,3724168,3826653,3919972,4018293,4116639,4226018,4326921,4425687,4490406,4528732,4575013,4631888,4720423,4803868,4889730,4972195,5047349,5121108,5192647,5269035,5350101,5450623,5539215,5611885,5691287,5758736
8000,Colorado,53,Per capita disposable personal income (dollars) 2/,8549,9589,10714,11429,12353,13361,13954,14421,14800,15693,16715,17471,18121,19077,19922,20733,21930,22924,23881,25667,26919,29054,30155,30526,31192,32026,33408,35141,36538,37308,35961,36384,38489,40429,41590,44502,45637,45698,48644,51895,53702
9000,Connecticut,51,Disposable personal income (millions of dollars),29129.2,32976.3,36882.3,39776.5,43638.5,49086.2,52239.5,55882.4,60377.6,67440.2,73218.8,75737.8,76621.2,81411.4,83714.1,86079,90231,92971.5,97775.1,104548.1,110054,119453,126503.8,132151.2,135623.3,142680.5,148156,159489.2,169503.1,182832.9,187794.8,194372.9,197013.3,200546.8,191815.1,200990.8,205736.9,212036,217067.3,227637.3,235022.8
9000,Connecticut,52,Population (persons) 1/,3099907,3113174,3128837,3139014,3162355,3180014,3201131,3223741,3247290,3271954,3283404,3291967,3302895,3300712,3309175,3316121,3324144,3336685,3349348,3365352,3386401,3411777,3432835,3458749,3484336,3496094,3506956,3517460,3527270,3545579,3561807,3579114,3588283,3594547,3594841,3594524,3587122,3578141,3573297,3571520,3565287
9000,Connecticut,53,Per capita disposable personal income (dollars) 2/,9397,10593,11788,12672,13799,15436,16319,17335,18593,20612,22300,23007,23198,24665,25298,25958,27144,27863,29192,31066,32499,35012,36851,38208,38924,40811,42246,45342,48055,51566,52725,54308,54905,55792,53358,55916,57354,59259,60747,63737,65920
10000,Delaware,51,Disposable personal income (millions of dollars),4780.3,5370.8,5881.3,6417.1,6920.5,7686.9,8340,8856.7,9621.7,10594.4,11762.6,12389,13233.6,13832.4,14346.2,14872.1,15751.4,16713,17287.5,19193.1,20722.8,23052.7,25579,27043.1,27884.3,28942.2,29308.1,31019.1,31906.7,31596.1,32836.8,33167,35520.8,36060.2,36370.6,38154.3,40036.9,41055.9,43024,45224.6,46859
10000,Delaware,52,Population (persons) 1/,598830,594919,595974,599148,605459,611565,618279,627559,636946,647621,658274,669567,683080,694925,706378,717545,729734,740977,751487,763335,774990,786373,795699,806169,818003,830803,845150,859268,871749,883874,891730,899593,907381,915179,923576,932487,941252,948921,956823,965479,973764
10000,Delaware,53,Per capita disposable personal income (dollars) 2/,7983,9028,9868,10710,11430,12569,13489,14113,15106,16359,17869,18503,19373,19905,20310,20726,21585,22555,23004,25144,26739,29315,32147,33545,34088,34836,34678,36099,36601,35747,36824,36869,39147,39402,39380,40917,42536,43266,44965,46842,48121
11000,District of Columbia,51,Disposable personal income (millions of dollars),6871.6,7269.1,7708.6,8235.9,8745.9,9540.6,10083.8,10631.5,11120.2,12283,12985.6,13624.9,14404.1,15211.1,15893.8,16143.8,16273.8,16792.2,17377,18258.3,18974.7,20769.5,21564.4,22363.1,22685.7,24686,25799.7,27302.5,29054,30104.8,31236.7,33797.3,36205.7,37349.2,37664.8,40268.5,43140.1,45479.5,46886.2,48753.6,50341.3
11000,District of Columbia,52,Population (persons) 1/,655616,638284,636893,634174,632433,633382,634549,638269,636930,630432,624168,605321,600870,597565,595301,589239,580517,572377,567736,565230,570213,572046,574504,573158,568502,567754,567136,570681,574404,580236,592228,605226,619800,634924,650581,662328,675400,685815,694906,701547,705749
11000,District of Columbia,53,Per capita disposable personal income (dollars) 2/,10481,11389,12103,12987,13829,15063,15891,16657,17459,19483,20805,22509,23972,25455,26699,27398,28033,29338,30608,32302,33276,36307,37536,39017,39904,43480,45491,47842,50581,51884,52744,55842,58415,58825,57894,60798,63873,66315,67471,69494,71330
12000,Florida,51,Disposable personal income (millions of dollars),75217.9,88286.5,102159.9,109537,123835.1,139210.3,150504.2,162278.4,175396.5,193507.7,215200.4,230870.1,242322.3,256738.8,271888,285959.7,306845.3,323567.9,339638.1,365029.3,382518.5,412750.9,436157.3,460573.8,491312.1,531535.3,572982.5,622572,648443.1,653433.4,628849.3,666545.7,694825.1,719787.9,713368.5,765526.7,812304.1,852806.7,895987.7,960530.8,995924
12000,Florida,52,Population (persons) 1/,9470585,9839835,10192775,10471405,10749849,11039925,11351120,11667503,11997282,12306400,12637718,13033307,13369798,13650553,13927185,14239444,14537875,14853360,15186304,15486559,15759421,16047515,16356966,16689370,17004085,17415318,17842038,18166990,18367842,18527305,18652644,18845537,19053237,19297822,19545621,19845911,20209042,20613477,20963613,21244317,21477737
12000,Florida,53,Per capita disposable personal income (dollars) 2/,7942,8972,10023,10461,11520,12610,13259,13909,14620,15724,17028,17714,18125,18808,19522,20082,21107,21784,22365,23571,24272,25721,26665,27597,28894,30521,32114,34269,35303,35269,33714,35369,36468,37299,36498,38574,40195,41371,42740,45214,46370
13000,Georgia,51,Disposable personal income (millions of dollars),37198.6,41621.2,46954.7,51135.4,55913.6,63705.3,69268.2,75694.2,81076.5,88904,95405.5,102154.5,107942.4,117136.5,123924,133252.9,143493.7,154032,163024.7,178104.4,189827.3,204991.5,216147.3,227768.1,238585.8,252458.1,265480.5,281581.8,293422.1,296851.6,298146.6,304145.8,322574.6,332290.3,333850.2,357182,377713.6,392998.6,414702.2,439963.6,455548.3
13000,Georgia,52,Population (persons) 1/,5391265,5486174,5568346,5649788,5728248,5834943,5962639,6084645,6208479,6316139,6411117,6512602,6653005,6817203,6978240,7157165,7328413,7501069,7685099,7863536,8045965,8227303,8377038,8508256,8622793,8769252,8925922,9155813,9349988,9504843,9620846,9711881,9802431,9901430,9972479,10067278,10178447,10301890,10410330,10511131,10617423
13000,Georgia,53,Per capita disposable personal income (dollars) 2/,6900,7587,8432,9051,9761,10918,11617,12440,13059,14076,14881,15686,16225,17182,17759,18618,19580,20535,21213,22649,23593,24916,25802,26770,27669,28789,29743,30754,31382,31232,30990,31317,32908,33560,33477,35480,37109,38148,39836,41857,42906
15000,Hawaii,51,Disposable personal income (millions of dollars),8817.1,10091.9,10930.3,11786,12924,13866.4,14685.1,15553.1,16361.6,17976.1,19877.4,21723.8,22870.6,25106.1,26067.4,26702.3,27481.7,27342.6,28228.6,28666.6,29622.4,31336.2,32734.5,34908.5,36790.1,39661.1,42188.9,45127.7,47513.6,50135.7,50916.4,52409.3,54602.6,56781.9,56949,60081.2,62793.5,65121.5,67911.7,69973,71859.6
15000,Hawaii,52,Population (persons) 1/,950050,967710,978195,993780,1012717,1027922,1039698,1051762,1067917,1079827,1094588,1113491,1136754,1158613,1172838,1187536,1196854,1203755,1211640,1215233,1210300,1213519,1225948,1239613,1251154,1273569,1292729,1309731,1315675,1332213,1346717,1363963,1379329,1394804,1408243,1414538,1422052,1427559,1424393,1420593,1415872
15000,Hawaii,53,Per capita disposable personal income (dollars) 2/,9281,10429,11174,11860,12762,13490,14124,14788,15321,16647,18160,19510,20119,21669,22226,22485,22962,22714,23298,23589,24475,25823,26701,28161,29405,31142,32636,34456,36113,37633,37808,38424,39586,40710,40440,42474,44157,45617,47678,49256,50753
16000,Idaho,51,Disposable personal income (millions of dollars),6678.8,7511.4,8186.3,8693.1,9578.1,10229.8,10786.6,11062.9,11533.3,12458.3,13561.4,14585.9,15357.1,16796.4,18451,19746.5,21207.6,22482.6,23352.8,25297.1,26754.6,28731.8,30016.7,31851.7,33179.8,35770,37519.9,41081.1,43697.5,45078.1,44610.7,46198.1,48412.4,51198.1,52854.2,55989.8,59191.2,61283.8,65325.6,70678.5,74482.7
16000,Idaho,52,Population (persons) 1/,932636,947983,962204,973719,981866,990841,994052,990222,984997,985661,994422,1012384,1041316,1071685,1108768,1145140,1177322,1203083,1228520,1252330,1275674,1299430,1319962,1340372,1363380,1391802,1428241,1468669,1505105,1534320,1554439,1570746,1583910,1595324,1611206,1631112,1651059,1682380,1717715,1750536,1787065
16000,Idaho,53,Per capita disposable personal income (dollars) 2/,7161,7924,8508,8928,9755,10324,10851,11172,11709,12640,13637,14407,14748,15673,16641,17244,18013,18687,19009,20200,20973,22111,22741,23763,24336,25701,26270,27972,29033,29380,28699,29412,30565,32093,32804,34326,35850,36427,38031,40375,41679
17000,Illinois,51,Disposable personal income (millions of dollars),99077.1,107569.5,119108.6,128286.2,134404.8,149029.7,155993.3,164330.8,172086.1,186788.7,198073.3,210317.6,215937.9,234721.3,242230.2,254164.1,269178.8,284721.6,298856.4,315110.9,328284.8,353080.4,368821.1,381439.9,392826,409469.1,422214.5,447364.9,469885.7,482307.6,473754,485379.6,500918.3,522464.4,530138.9,556545.7,579091.3,587865.4,609491.2,641459,654965.7
17000,Illinois,52,Population (persons) 1/,11422782,11434702,11443461,11423413,11408817,11412128,11399803,11387256,11391176,11390186,11409782,11453316,11568964,11694184,11809579,11912585,12008437,12101997,12185715,12271847,12359020,12434161,12488445,12525556,12556006,12589773,12609903,12643955,12695866,12747038,12796778,12840503,12867454,12882510,12895129,12884493,12858913,12820527,12778828,12723071,12671821
17000,Illinois,53,Per capita disposable personal income (dollars) 2/,8674,9407,10408,11230,11781,13059,13684,14431,15107,16399,17360,18363,18665,20072,20511,21336,22416,23527,24525,25678,26562,28396,29533,30453,31286,32524,33483,35382,37011,37837,37021,37801,38929,40556,41112,43195,45034,45853,47695,50417,51687
18000,Indiana,51,Disposable personal income (millions of dollars),41434.1,44893.5,49015.6,51234.4,54110.3,60312.5,63461.3,67018.2,70846.4,75919.3,82286.2,86910.6,89838.2,97659.6,102679.8,108646.5,113406.8,119493.1,125170.3,134821.7,140672.7,150740.3,154211.3,158957.1,164203.3,172659.9,177293.2,187046.8,192466.4,201971.8,201165.4,209579.7,221305.7,233053.5,234298.9,244050.8,252527.7,259251.5,271176.9,286370.1,295896
18000,Indiana,52,Population (persons) 1/,5474909,5490721,5480440,5467918,5450396,5458322,5459214,5454103,5473023,5491733,5523679,5557798,5616388,5674547,5739019,5793526,5851459,5906013,5955267,5998880,6044969,6091866,6127760,6155967,6196638,6233007,6278616,6332669,6379599,6424806,6459325,6490432,6516528,6537703,6568713,6593644,6608422,6634304,6658078,6695497,6732219
18000,Indiana,53,Per capita disposable personal income (dollars) 2/,7568,8176,8944,9370,9928,11050,11625,12288,12945,13824,14897,15638,15996,17210,17892,18753,19381,20232,21018,22474,23271,24745,25166,25822,26499,27701,28238,29537,30169,31436,31143,32291,33961,35648,35669,37013,38213,39077,40729,42771,43952
19000,Iowa,51,Disposable personal income (millions of dollars),22873.8,24303.1,27527.8,28569.3,29345.7,33204.6,34342.8,35562.8,36923.1,38080.7,41305.8,43388.2,44475,47949.2,47997.5,52482.4,54490.5,59426.2,61729.7,64642.8,66420.1,71163.7,73336.6,76422,78622.3,85407.4,87496.5,92421.6,98273,104253.8,102893.6,105936.2,113330.6,118924.3,120529,124949,129142.1,130181.9,134016.9,141957.4,146947.5
19000,Iowa,52,Population (persons) 1/,2916803,2914018,2907985,2888190,2870547,2858615,2829684,2791969,2767006,2768393,2770590,2781018,2797613,2818401,2836972,2850746,2867373,2880000,2891119,2902872,2917634,2929067,2931997,2934234,2941999,2953635,2964454,2982644,2999212,3016734,3032870,3050745,3066336,3076190,3092997,3109350,3120960,3131371,3141550,3148618,3155070
19000,Iowa,53,Per capita disposable personal income (dollars) 2/,7842,8340,9466,9892,10223,11616,12137,12738,13344,13756,14909,15602,15897,17013,16919,18410,19004,20634,21351,22269,22765,24296,25013,26045,26724,28916,29515,30986,32766,34559,33926,34725,36960,38660,38968,40185,41379,41573,42659,45086,46575
20000,Kansas,51,Disposable personal income (millions of dollars),18890.4,20729.5,23266.2,25337.8,26929.4,29851.4,31269.6,33048.6,34287.7,36131,38001.5,40489.2,42021.3,45507.7,47511.7,49571.3,51423.9,54547.8,57510,60955.4,62951.6,66256,68715.4,70701.4,73461.2,75691.6,79283.8,87087.3,92969.1,101659.3,100792.2,102538.3,110258.5,117542.8,119305.3,122032.9,123465.8,123744.1,127690.5,133979.7,139540.8
20000,Kansas,52,Population (persons) 1/,2347370,2369039,2384853,2401207,2415529,2424088,2427401,2432614,2445367,2461995,2472838,2481349,2498722,2532394,2556547,2580513,2601007,2614554,2635292,2660598,2678338,2693681,2702162,2713535,2723004,2734373,2745299,2762931,2783785,2808076,2832704,2858190,2869225,2885257,2893212,2900475,2909011,2910844,2908718,2911359,2913314
20000,Kansas,53,Per capita disposable personal income (dollars) 2/,8047,8750,9756,10552,11148,12314,12882,13586,14021,14675,15368,16317,16817,17970,18584,19210,19771,20863,21823,22910,23504,24597,25430,26055,26978,27682,28880,31520,33397,36202,35582,35875,38428,40739,41236,42073,42443,42511,43899,46020,47898
21000,Kentucky,51,Disposable personal income (millions of dollars),24161.4,26413.9,29220.7,31216.5,32611.5,36785.1,38181.8,39253.4,41261.8,45067,48115.4,50933.2,54052.1,58266.1,60492.6,63425.9,66223.1,70089.4,74030.6,78204.6,81603.5,88341.4,91224.7,95003.4,98408,104809.4,109234.9,115535.2,120025.6,125417.1,126573.4,131145.2,136582.7,141998.5,142191.3,149001.5,155033.5,157467.2,163128.9,169667.9,175486.2
21000,Kentucky,52,Population (persons) 1/,3643655,3664221,3670395,3683449,3694469,3695459,3694816,3687805,3683330,3680002,3677318,3694048,3722328,3765469,3812206,3849088,3887427,3919535,3952747,3985390,4018053,4049021,4068132,4089875,4117170,4146101,4182742,4219239,4256672,4289878,4317074,4348181,4369821,4386346,4404659,4414349,4425976,4438182,4452268,4461153,4467673
21000,Kentucky,53,Per capita disposable personal income (dollars) 2/,6631,7209,7961,8475,8827,9954,10334,10644,11202,12246,13084,13788,14521,15474,15868,16478,17035,17882,18729,19623,20309,21818,22424,23229,23902,25279,26116,27383,28197,29236,29319,30161,31256,32373,32282,33754,35028,35480,36640,38032,39279
22000,Louisiana,51,Disposable personal income (millions of dollars),28544.4,32717.7,37414.7,40910.9,43221.7,46200.5,48058.4,48752.2,48882.6,51755.8,54528.4,58575,61900.4,66612.7,69812.7,74267.3,77757,80440.1,84073.8,88240.6,90762.4,95824.8,102384.4,107115.9,111323.3,116517.1,125107.1,130487.7,141655.8,150819.8,150563.2,157707,162328.9,170166.2,171350.8,179501,181762.4,180323.5,186973.8,196648.5,201038.7
22000,Louisiana,52,Population (persons) 1/,4139316,4223101,4283297,4352609,4395311,4400474,4408113,4406922,4344151,4288859,4252896,4221532,4253279,4293003,4316428,4347481,4378779,4398877,4421071,4440344,4460811,4471885,4477875,4497267,4521042,4552238,4576628,4302665,4375581,4435586,4491648,4544532,4575625,4600972,4624527,4644013,4664628,4678135,4670560,4659690,4648794
22000,Louisiana,53,Per capita disposable personal income (dollars) 2/,6896,7747,8735,9399,9834,10499,10902,11063,11253,12068,12821,13875,14554,15517,16174,17083,17758,18287,19017,19872,20347,21428,22865,23818,24623,25596,27336,30327,32374,34002,33521,34703,35477,36985,37053,38652,38966,38546,40032,42202,43245
23000,Maine,51,Disposable personal income (millions of dollars),7728.6,8654.6,9470.9,10229.8,11159.9,12390.2,13324.4,14344.8,15407.4,17034.9,18592.5,19410.6,19888.6,20948.3,21659.3,22468.9,23451.3,24626,25791.5,27389.9,28800,30775.1,32574.6,34398.5,36463.1,38435.3,39067.3,40954.1,42311.8,44128.2,45025.1,45970.3,47428.2,48460.6,47929.2,50102.3,51884.4,53262.5,55754.1,58829.3,61171.9
23000,Maine,52,Population (persons) 1/,1124927,1126860,1133033,1136683,1144772,1155634,1162935,1170126,1184577,1203840,1219961,1231719,1237081,1238508,1242302,1242662,1243480,1249060,1254774,1259127,1266808,1277072,1285692,1295960,1306513,1313688,1318787,1323619,1327040,1330509,1329590,1327629,1328284,1327729,1328009,1330513,1328262,1331317,1334612,1339057,1344212
23000,Maine,53,Per capita disposable personal income (dollars) 2/,6870,7680,8359,9000,9749,10722,11458,12259,13007,14150,15240,15759,16077,16914,17435,18081,18859,19716,20555,21753,22734,24098,25336,26543,27909,29258,29624,30941,31884,33166,33864,34626,35706,36499,36091,37656,39062,40007,41776,43933,45508
24000,Maryland,51,Disposable personal income (millions of dollars),37007,41407,45626.6,49821.5,54049.2,59858.2,65134.1,70430.4,75084,83601.7,89559.1,95205.8,99436.5,104898.4,108966.1,113774.2,118319,123217,128093.3,139273.4,147788.3,160502.4,169485.7,180244,190326.1,203851.4,213267.5,223630.3,230962.1,243287.4,247561.6,256557.2,268309.3,276770.2,272842.7,282729.6,295177.8,306591.2,317639.5,329310.3,339326.9
24000,Maryland,52,Population (persons) 1/,4223398,4227643,4261905,4282923,4313329,4365246,4413072,4486956,4565558,4657903,4727303,4799770,4867641,4923368,4971889,5023060,5070033,5111986,5157328,5204464,5254509,5311034,5374691,5440389,5496269,5546935,5592379,5627367,5653408,5684965,5730388,5788645,5839419,5886992,5923188,5957283,5985562,6003323,6023868,6035802,6045680
24000,Maryland,53,Per capita disposable personal income (dollars) 2/,8762,9794,10706,11633,12531,13712,14759,15697,16446,17948,18945,19835,20428,21306,21916,22650,23337,24104,24837,26760,28126,30221,31534,33131,34628,36750,38135,39740,40854,42795,43202,44321,45948,47014,46063,47459,49315,51070,52730,54559,56127
25000,Massachusetts,51,Disposable personal income (millions of dollars),46808.6,52478.4,58037.2,64364.3,70117.4,79539.2,85422.4,91698.7,98740,110191.9,116151,119641,122300,128814.4,133545.3,139805.2,147117.2,154747.3,162936.3,171155.3,181795.2,197960.3,210583.9,218745.6,225708.8,237673.2,245566.6,263295.2,272349.3,285846.8,293245.8,305752.3,315439.7,331217,327404.2,343289.5,364488.8,379973,398221.4,421269.6,433979.8
25000,Massachusetts,52,Population (persons) 1/,5746188,5746075,5768685,5771222,5799405,5840774,5880734,5902677,5935205,5979983,6015478,6022639,6018470,6028709,6060569,6095241,6141445,6179756,6226058,6271838,6317345,6361104,6397634,6417206,6422565,6412281,6403290,6410084,6431559,6468967,6517613,6566307,6613583,6663005,6713315,6762596,6794228,6823608,6859789,6882635,6892503
25000,Massachusetts,53,Per capita disposable personal income (dollars) 2/,8146,9133,10061,11153,12090,13618,14526,15535,16636,18427,19309,19865,20321,21367,22035,22937,23955,25041,26170,27289,28777,31120,32916,34087,35143,37065,38350,41075,42346,44187,44993,46564,47696,49710,48769,50763,53647,55685,58052,61208,62964
26000,Michigan,51,Disposable personal income (millions of dollars),75838.1,82355.1,87749.4,92105,97784.1,108216.4,116544.7,124101.5,128538.6,137896,147872.5,155452.6,159768.4,170386.6,177925.7,190745,200956.5,210221.7,220372.7,232162.2,244322,261651.4,267774.2,272917.8,282291.7,291726.8,296438.7,302865.6,309651,316474.5,308643,318583.7,333794.1,347483.8,347251.3,363979.7,382869.6,392113.1,406403.7,424395.5,437202.7
26000,Michigan,52,Population (persons) 1/,9248814,9255553,9209287,9115196,9047764,9049454,9076287,9127774,9187484,9218002,9253298,9311319,9400446,9479065,9540114,9597737,9676211,9758645,9809051,9847942,9897116,9952450,9991120,10015710,10041152,10055315,10051137,10036081,10001284,9946889,9901591,9877510,9882412,9897145,9913065,9929848,9931715,9950571,9973114,9984072,9986857
26000,Michigan,53,Per capita disposable personal income (dollars) 2/,8200,8898,9528,10105,10808,11958,12841,13596,13991,14959,15981,16695,16996,17975,18650,19874,20768,21542,22466,23575,24686,26290,26801,27249,28113,29012,29493,30178,30961,31816,31171,32253,33777,35109,35030,36655,38550,39406,40750,42507,43778
27000,Minnesota,51,Disposable personal income (millions of dollars),32426,36200.3,39986.1,43105.2,45639.8,52330.4,55577.6,58980.3,62376.6,65959.2,71942.5,76131.1,78943.9,84687.6,86992.9,93191.6,98067.8,104570.3,110101.2,119508.2,126631.7,136266,142866.5,148594.1,157424.3,168012.8,171176.6,179241.3,188823.5,196562.6,193782.5,201555.3,213330.7,226664.6,225243.6,237825.1,247409,252627.5,265055.7,279861.3,288089.4
27000,Minnesota,52,Population (persons) 1/,4038150,4085017,4111733,4131450,4141458,4157704,4184301,4205213,4235136,4296163,4338056,4389857,4440859,4495572,4555954,4610355,4660180,4712827,4763390,4813412,4873481,4933692,4982796,5018935,5053572,5087713,5119598,5163555,5207203,5247018,5281203,5310828,5346143,5376643,5413479,5451079,5482032,5522744,5566230,5606249,5639632
27000,Minnesota,53,Per capita disposable personal income (dollars) 2/,8030,8862,9725,10433,11020,12586,13282,14026,14728,15353,16584,17342,17777,18838,19094,20214,21044,22188,23114,24828,25984,27619,28672,29607,31151,33023,33436,34713,36262,37462,36693,37952,39904,42157,41608,43629,45131,45743,47619,49920,51083
28000,Mississippi,51,Disposable personal income (millions of dollars),15000.7,16308.9,18190.5,19547.4,20364.9,22359.2,23523.6,24508.7,25840,27747.1,29826.9,31372.8,33194.7,35771.4,37978.8,40957,43258.7,45769.5,48234.7,51054.5,52735.9,55692.4,58770.9,60712.6,63534.9,67791.2,71821.2,74112.8,78890.2,82072.7,82217.1,84929.5,88690,91880.2,93005.7,95034,96459.5,97577.5,100440.9,104008.2,106592.6
28000,Mississippi,52,Population (persons) 1/,2507967,2525342,2539032,2556776,2567719,2578053,2588103,2593596,2588545,2580349,2574272,2578897,2598733,2623734,2655100,2688992,2722659,2748085,2777004,2804834,2828408,2848353,2852994,2858681,2868312,2889010,2905943,2904978,2928350,2947806,2958774,2970548,2978731,2983816,2988711,2990468,2988471,2987938,2988510,2981020,2976149
28000,Mississippi,53,Per capita disposable personal income (dollars) 2/,5981,6458,7164,7645,7931,8673,9089,9450,9982,10753,11587,12165,12773,13634,14304,15231,15888,16655,17369,18202,18645,19552,20600,21238,22151,23465,24715,25512,26940,27842,27788,28591,29774,30793,31119,31779,32277,32657,33609,34890,35816
29000,Missouri,51,Disposable personal income (millions of dollars),37120.8,40290.4,44797.2,47676.3,51962.9,57938.5,61744.9,65078.5,68368.6,72826.7,77747.3,81146.5,85364.6,91089.8,95131.9,100656.1,105807.8,111513.5,117691.7,123163.9,128192.6,136997,141370.6,147865.9,155030.9,163956.4,168419,177551.4,184997.7,194851.8,196734.8,201215.6,207808.6,218368.9,218005,226145.4,232793.6,239831.9,247222.4,258384.7,267291.6
29000,Missouri,52,Population (persons) 1/,4889327,4921966,4932069,4929456,4943735,4975276,5000260,5023055,5056702,5081737,5095844,5128880,5170800,5217101,5271175,5324497,5378247,5431553,5481193,5521765,5561948,5607285,5641142,5674825,5709403,5747741,5790300,5842704,5887612,5923916,5961088,5995974,6010275,6024367,6040715,6056202,6071732,6087135,6106670,6121623,6137428
29000,Missouri,53,Per capita disposable personal income (dollars) 2/,7592,8186,9083,9672,10511,11645,12348,12956,13520,14331,15257,15821,16509,17460,18048,18904,19673,20531,21472,22305,23048,24432,25061,26056,27154,28525,29086,30389,31422,32892,33003,33558,34576,36248,36089,37341,38341,39400,40484,42209,43551
30000,Montana,51,Disposable personal income (millions of dollars),5741.1,6339.2,7232.1,7707.4,8134.4,8634.9,8757.7,9196.6,9367,9580.3,10491.6,11047.8,11841.4,12558.5,13607.2,13920.2,14691.3,15354.9,15945,17028.7,17333.4,18427,19212.2,20113.8,21777.5,23636.2,25230.2,27240.2,29094.9,30752.2,30755.8,32536.7,34487.1,36525,36463.5,38158.5,40030.1,40888,43515.8,45848.6,47574.2
30000,Montana,52,Population (persons) 1/,789167,788752,795325,803984,814029,820904,822320,813738,805064,800200,799634,800204,809680,825770,844761,861306,876553,886254,889865,892431,897507,903773,906961,911667,919630,930009,940102,952692,964706,976415,983982,990697,997316,1003783,1013569,1021869,1030475,1040859,1052482,1060665,1068778
30000,Montana,53,Per capita disposable personal income (dollars) 2/,7275,8037,9093,9586,9993,10519,10650,11302,11635,11972,13121,13806,14625,15208,16108,16162,16760,17326,17918,19081,19313,20389,21183,22063,23681,25415,26838,28593,30159,31495,31256,32842,34580,36387,35975,37342,38846,39283,41346,43226,44513
31000,Nebraska,51,Disposable personal income (millions of dollars),12124.3,12954,15177.2,16074.8,17046.4,19205.4,20218.3,20806.6,21694.3,23184.1,24455.2,26139.4,27165.1,28939.8,29870.7,31751,33366.3,36325.8,37047.9,39491.1,41337.8,43669.6,45895.7,47509.5,51033.3,53408.1,54947.6,56973.2,61075.4,64723.8,65193.8,68338.7,76026.7,78052.9,78051.4,82465.9,86089.2,84654.4,87160.5,91779.7,94853.7
31000,Nebraska,52,Population (persons) 1/,1564356,1572296,1578517,1581776,1584293,1588638,1584661,1574328,1566544,1571477,1574858,1581660,1595919,1611687,1625590,1639041,1656992,1673740,1686418,1695816,1704764,1713820,1719836,1728292,1738643,1749370,1761497,1772693,1783440,1796378,1812683,1829542,1840672,1853303,1865279,1879321,1891277,1905616,1915947,1925614,1934408
31000,Nebraska,53,Per capita disposable personal income (dollars) 2/,7750,8239,9615,10162,10760,12089,12759,13216,13848,14753,15529,16527,17022,17956,18375,19372,20137,21703,21968,23287,24248,25481,26686,27489,29352,30530,31194,32139,34246,36030,35965,37353,41304,42116,41844,43881,45519,44424,45492,47663,49035
32000,Nevada,51,Disposable personal income (millions of dollars),7342.7,8545.1,9686.7,10436.2,11207.4,12226.8,13175,14197.1,15439.1,17469.5,19673.3,22004.9,24420.7,27009.5,29109.5,32339.4,35564.9,38937.4,42661.8,47422.4,51162.9,56033.1,59515.9,62185.9,66817.7,73849.5,82049.2,89041.1,92838.5,92287.4,88717.6,92244.7,95333.1,98899,97677.4,105352.6,114022.5,117728.2,126871,136740.9,142039.2
32000,Nevada,52,Population (persons) 1/,765121,810215,847656,881538,901978,924921,951032,980614,1023374,1075023,1137382,1220695,1296171,1351367,1411215,1499298,1581578,1666320,1764104,1853191,1934718,2018741,2098399,2173791,2248850,2346222,2432143,2522658,2601072,2653630,2684665,2702405,2712730,2743996,2775970,2817628,2866939,2917563,2969905,3027341,3080156
32000,Nevada,53,Per capita disposable personal income (dollars) 2/,9597,10547,11428,11839,12425,13219,13853,14478,15087,16250,17297,18027,18841,19987,20627,21570,22487,23367,24183,25590,26445,27756,28363,28607,29712,31476,33735,35297,35692,34778,33046,34134,35143,36042,35187,37391,39772,40352,42719,45169,46114
33000,New Hampshire,51,Disposable personal income (millions of dollars),7156.3,8211.5,9280.5,10334,11338.5,12861,14050.2,15432.4,17047,18906.6,20280,20530.3,21389,22472.7,23112.3,24695.5,26114.5,27407.2,29107.8,31996.6,33931.8,37883.1,40521.9,42359.1,43682.4,46481.8,47844.8,50973.9,52463.6,53963.4,54441.2,56541.9,58616.1,61596.1,60764.5,63153.7,65117.9,67602.5,70955.4,74848.1,77534.1
33000,New Hampshire,52,Population (persons) 1/,911893,924250,936621,947720,958134,976863,996753,1025054,1054289,1082576,1104523,1112384,1109929,1117784,1129458,1142560,1157561,1174719,1189425,1205940,1222014,1239882,1255517,1269089,1279840,1290121,1298492,1308389,1312540,1315906,1316102,1316762,1320202,1324232,1326622,1333341,1336350,1342307,1348787,1353465,1359711
33000,New Hampshire,53,Per capita disposable personal income (dollars) 2/,7848,8884,9909,10904,11834,13166,14096,15055,16169,17464,18361,18456,19271,20105,20463,21614,22560,23331,24472,26533,27767,30554,32275,33378,34131,36029,36846,38959,39971,41009,41366,42940,44399,46515,45804,47365,48728,50363,52607,55301,57022
34000,New Jersey,51,Disposable personal income (millions of dollars),66861.7,75061.6,83642.5,90455,98728.9,109792.6,116562.4,124612,133107.6,147844.9,158800.1,167342,171286.9,184481.7,190010.6,195906.1,208501.5,218982.2,231382.6,244026.3,253840.2,277475.3,288109.8,301760.2,313127.4,328541.2,336423.1,359927,376306.6,388198.1,389903.7,400770.4,414123.4,432090,429366.2,450219.3,466701.5,480493.3,498900.2,523222.5,542573.4
34000,New Jersey,52,Population (persons) 1/,7373048,7376330,7407471,7430970,7467784,7515474,7565530,7622161,7670741,7712333,7726086,7762963,7814676,7880508,7948915,8014306,8083242,8149596,8218808,8287418,8359592,8430621,8492671,8552643,8601402,8634561,8651974,8661679,8677885,8711090,8755602,8799446,8828117,8844942,8856972,8864525,8867949,8870827,8885525,8886025,8882190
34000,New Jersey,53,Per capita disposable personal income (dollars) 2/,9068,10176,11292,12173,13221,14609,15407,16349,17353,19170,20554,21556,21919,23410,23904,24445,25794,26870,28153,29445,30365,32913,33925,35283,36404,38050,38884,41554,43364,44564,44532,45545,46910,48852,48478,50789,52628,54166,56148,58881,61086
35000,New Mexico,51,Disposable personal income (millions of dollars),9064.1,10186.1,11381.1,12445.1,13699.6,15008.6,16204.7,16927.3,17453.9,18454.8,19673.9,20986.7,22527.8,24253.3,26018.5,27723.4,29833,31200.3,32622.7,34242.2,34971.7,37794.7,40342.9,42740.6,45019,47932.1,50762.8,54092.4,57047.7,60966.3,61354.8,64036.4,66797.6,68541.2,66813.7,70790.2,72837.9,74354.1,75890.8,79789.3,82810.8
35000,New Mexico,52,Population (persons) 1/,1280539,1309400,1332747,1363822,1394362,1416719,1438360,1462728,1478519,1490336,1503901,1521574,1555305,1595442,1636453,1682398,1720394,1752326,1774839,1793484,1808082,1821204,1831690,1855309,1877574,1903808,1932274,1962137,1990070,2010662,2036802,2064552,2080450,2087309,2092273,2089568,2089291,2091630,2091784,2092741,2096829
35000,New Mexico,53,Per capita disposable personal income (dollars) 2/,7078,7779,8540,9125,9825,10594,11266,11572,11805,12383,13082,13793,14484,15202,15899,16479,17341,17805,18381,19093,19342,20753,22025,23037,23977,25177,26271,27568,28666,30321,30123,31017,32107,32837,31934,33878,34863,35548,36280,38127,39493
36000,New York,51,Disposable personal income (millions of dollars),148860.1,165288.7,182707,198192.9,217369,241113.7,256363.7,273529.5,288758,320527.1,344479.7,372018.9,374141.6,396148.9,405713.1,418319.4,439867.1,459232.4,481517.2,504605,531208.7,570104.3,584246,607424.5,622058.8,647139.4,664515.2,707023,752274.9,770324.8,791639.1,819659.2,854418.5,904801.6,896500.8,931290,965961.3,1012001.9,1083191.4,1130297.7,1174200.5
36000,New York,52,Population (persons) 1/,17633646,17566754,17567731,17589737,17686907,17745676,17791678,17833421,17868844,17941309,17983084,18020784,18122510,18246653,18374954,18459470,18524104,18588460,18656546,18755906,18882725,19001780,19082838,19137800,19175939,19171567,19132610,19104631,19132335,19212436,19307066,19399878,19499241,19572932,19624447,19651049,19654666,19633428,19589572,19530351,19453561
36000,New York,53,Per capita disposable personal income (dollars) 2/,8442,9409,10400,11268,12290,13587,14409,15338,16160,17865,19156,20644,20645,21711,22080,22662,23746,24705,25810,26904,28132,30003,30616,31740,32440,33755,34732,37008,39320,40095,41003,42251,43818,46227,45683,47391,49147,51545,55294,57874,60359
37000,North Carolina,51,Disposable personal income (millions of dollars),38511.4,43180,48571.5,52738.3,57190.7,64938.1,69912.6,75352.8,80627.2,88828.5,96256.4,102790.4,108046.5,117962.4,125533.6,133117,142384.6,151840.4,162359.9,172506.3,181412.1,192857.5,198745.2,205898.4,216459.5,235539.4,250689.8,271887.9,291363.6,313063.9,308704,310632.8,318957.5,343107.5,335666.9,355447.1,371914.2,384736.3,405263.8,428279.9,446447.7
37000,North Carolina,52,Population (persons) 1/,5801563,5898980,5956653,6019108,6077059,6164004,6253957,6321576,6403693,6480591,6565462,6664016,6784280,6897214,7042818,7187398,7344674,7500670,7656825,7809121,7949361,8081614,8210122,8326201,8422501,8553152,8705407,8917270,9118037,9309449,9449566,9574323,9657592,9749476,9843336,9932887,10031646,10154788,10268233,10381615,10488084
37000,North Carolina,53,Per capita disposable personal income (dollars) 2/,6638,7320,8154,8762,9411,10535,11179,11920,12591,13707,14661,15425,15926,17103,17824,18521,19386,20244,21205,22090,22821,23864,24207,24729,25700,27538,28797,30490,31955,33629,32669,32444,33027,35192,34101,35785,37074,37887,39468,41254,42567
38000,North Dakota,51,Disposable personal income (millions of dollars),4933.8,4630.9,6079,6711,7106.9,7704.8,7971.4,8128.5,8331.1,7647.1,8591.3,9304.1,9406.2,10375.1,10453.8,11405.2,11356.6,12764.2,12378.4,13635.8,13827.3,15050.3,15257.8,15870.1,17424.6,17751.4,18681.9,19391.1,21385.4,23844.8,24161.7,26765.2,29448.6,34678,34267.9,36645.7,36134.1,35172.1,35949.2,38377.7,39461.1
38000,North Dakota,52,Population (persons) 1/,652152,654380,659504,668972,676687,680499,676979,669513,661141,655330,646351,637685,635753,638223,641216,644804,647832,650382,649716,647532,644259,642023,639062,638168,638817,644705,646089,649422,652822,657569,664968,674715,685225,701176,722036,737401,754066,754434,754942,758080,762062
38000,North Dakota,53,Per capita disposable personal income (dollars) 2/,7565,7077,9218,10032,10503,11322,11775,12141,12601,11669,13292,14590,14795,16256,16303,17688,17530,19626,19052,21058,21462,23442,23875,24868,27276,27534,28915,29859,32758,36262,36335,39669,42977,49457,47460,49696,47919,46620,47619,50625,51782
39000,Ohio,51,Disposable personal income (millions of dollars),84997.1,93382.1,101031.8,107049.5,113390.5,126033,133355.8,139859.7,145374.4,156778.9,167789.5,177951.6,182684.7,195162.2,202699.9,213710.1,223349.8,232064.9,244865.1,258191.1,267157.8,280923.8,289312,299050.4,311240.5,323668.4,330931.5,346280.3,359534.4,372777.7,371467.1,381208.3,403342.3,420209.2,423395.3,442124.7,458551.7,468025.4,487233.2,509628.7,524449.7
39000,Ohio,52,Population (persons) 1/,10798562,10800650,10788336,10757085,10737631,10737743,10734926,10730272,10760081,10798554,10829216,10864162,10945762,11029431,11101140,11152454,11202751,11242827,11277357,11311536,11335454,11363543,11387404,11407889,11434788,11452251,11463320,11481213,11500468,11515391,11528896,11539336,11544663,11548923,11576684,11602700,11617527,11634370,11659650,11676341,11689100
39000,Ohio,53,Per capita disposable personal income (dollars) 2/,7871,8646,9365,9952,10560,11737,12423,13034,13511,14519,15494,16380,16690,17695,18259,19163,19937,20641,21713,22825,23568,24721,25406,26214,27219,28262,28869,30161,31263,32372,32221,33036,34938,36385,36573,38105,39471,40228,41788,43646,44867
40000,Oklahoma,51,Disposable personal income (millions of dollars),22327,25538.6,29390.1,32566.1,34449.5,37305,38828.2,39939.5,39295.8,40970.7,43329.1,45086.5,46913,50132.3,52140.3,54336.7,56630.7,59731.9,62702.9,65941,67638,73219.9,77690.2,81135.2,85656.7,92685.5,100351.5,110895.2,114218.2,126886.7,120765.6,126315.2,134145,143885.5,150434.5,160095.4,156126.7,148822.5,156123.8,164309.7,170273.5
40000,Oklahoma,52,Population (persons) 1/,2970080,3040758,3096159,3206129,3290404,3285535,3271333,3252735,3210124,3167064,3150304,3148825,3175440,3220517,3252285,3280940,3308208,3340129,3372917,3405194,3437147,3454365,3467100,3489080,3504892,3525233,3548597,3594090,3634349,3668976,3717572,3759944,3788379,3818814,3853214,3878187,3909500,3926331,3931316,3940235,3956971
40000,Oklahoma,53,Per capita disposable personal income (dollars) 2/,7517,8399,9492,10157,10470,11354,11869,12279,12241,12936,13754,14319,14774,15567,16032,16561,17118,17883,18590,19365,19679,21196,22408,23254,24439,26292,28279,30855,31427,34584,32485,33595,35410,37678,39041,41281,39935,37904,39713,41700,43031
41000,Oregon,51,Disposable personal income (millions of dollars),20974.5,23374.8,25328.7,26141.5,28083.7,30578.7,31984.3,33488.9,35210.7,38817.8,41890.1,45665.2,47877.5,51207.5,54684.5,58338.8,62883.2,67511.1,71090.1,75277.3,77904,83562.7,87021.3,89894.6,93790.7,99104.4,102840.2,111941.4,117719.4,122472,121792.5,124461.3,129838.6,137232,137524.6,147549.3,157745.6,165282.2,175976.8,188428.7,195570.5
41000,Oregon,52,Population (persons) 1/,2578312,2641218,2667985,2664919,2653071,2666589,2672648,2683526,2700996,2741297,2790579,2860375,2928507,2991755,3060367,3121264,3184369,3247111,3304310,3352449,3393941,3429708,3467937,3513424,3547376,3569463,3613202,3670883,3722417,3768748,3808600,3837491,3872036,3899001,3922468,3963244,4015792,4089976,4143625,4181886,4217737
41000,Oregon,53,Per capita disposable personal income (dollars) 2/,8135,8850,9494,9809,10585,11467,11967,12479,13036,14160,15011,15965,16349,17116,17869,18691,19747,20791,21514,22454,22954,24364,25093,25586,26439,27764,28462,30494,31624,32497,31978,32433,33532,35197,35061,37229,39281,40412,42469,45058,46369
42000,Pennsylvania,51,Disposable personal income (millions of dollars),94303.6,103451.4,113437.5,122271.9,129700.4,140145.7,148291.9,156249.2,164497.6,178740.5,193042,204948.5,214726.1,226574.9,235374.7,242955.2,253123.2,264485.4,275999.3,289622.9,301726.1,322714.6,336839.1,350763.6,366116.3,388829.8,402064.4,420803.4,443937.1,461036.1,461812,481279.5,502288.8,525471.7,525409.1,548201.6,567412.2,584669.9,602930.3,637335.8,658797.1
42000,Pennsylvania,52,Population (persons) 1/,11873563,11868305,11858569,11845146,11837726,11815175,11770865,11782754,11810869,11845755,11865992,11903299,11982164,12049450,12119724,12166050,12198403,12220464,12227814,12245672,12263805,12284173,12298970,12331031,12374658,12410722,12449990,12510809,12563937,12612285,12666858,12711160,12745815,12767118,12776309,12788313,12784826,12782275,12787641,12800922,12801989
42000,Pennsylvania,53,Per capita disposable personal income (dollars) 2/,7942,8717,9566,10323,10957,11861,12598,13261,13928,15089,16269,17218,17920,18804,19421,19970,20751,21643,22571,23651,24603,26271,27388,28446,29586,31330,32294,33635,35334,36555,36458,37863,39408,41158,41124,42867,44382,45741,47149,49788,51461
44000,Rhode Island,51,Disposable personal income (millions of dollars),7301.6,8250.2,9196.4,9962.2,10813,11915.7,12817.1,13664,14478.9,16064.2,17485.2,18050.7,18297.4,19236.3,20026.4,20499,21585,22205,23275.3,24725.5,25887.2,27682.4,29190.4,31144.8,33097.3,34883.3,35399.3,36987,38294.5,39012.8,39021.5,41062,42109,43901.9,43318,45119.2,46675.5,47283.6,49232.1,51163.2,52994
44000,Rhode Island,52,Population (persons) 1/,956643,948773,953012,954170,956382,961895,968956,977340,989605,996407,1000666,1005995,1010649,1012581,1015112,1015960,1017002,1020893,1025353,1031155,1040402,1050268,1057142,1065995,1071342,1074579,1067916,1063096,1057315,1055003,1053646,1053959,1053649,1054621,1055081,1055936,1056065,1056770,1055673,1058287,1059361
44000,Rhode Island,53,Per capita disposable personal income (dollars) 2/,7633,8696,9650,10441,11306,12388,13228,13981,14631,16122,17474,17943,18105,18997,19728,20177,21224,21751,22700,23978,24882,26358,27613,29217,30893,32462,33148,34792,36219,36979,37035,38960,39965,41628,41057,42729,44198,44744,46636,48345,50024
45000,South Carolina,51,Disposable personal income (millions of dollars),19714.8,22141.1,24815.6,26647.2,28912,32391.3,34542.9,36946.3,39458.1,43149.9,46628.3,50063.1,52713.3,56255.9,59090.7,62523.4,65975,69836.1,74054.6,79185,83203.1,89414.2,92650.4,97026.2,101072.8,106989,112331.2,120814.8,128341.3,134646.4,134088.1,138337.2,144988.7,153062.3,153746.7,164287.5,173546.5,180352.1,190667.1,201484.2,210813.4
45000,South Carolina,52,Population (persons) 1/,3086885,3134502,3179255,3207611,3234068,3271864,3303211,3342759,3380507,3412097,3456777,3501155,3570404,3620464,3663314,3705397,3748582,3796200,3859696,3919235,3974682,4024223,4064995,4107795,4150297,4210921,4270150,4357847,4444110,4528996,4589872,4635649,4671994,4717354,4764080,4823617,4891938,4957968,5021268,5084156,5148714
45000,South Carolina,53,Per capita disposable personal income (dollars) 2/,6387,7064,7805,8307,8940,9900,10457,11053,11672,12646,13489,14299,14764,15538,16130,16874,17600,18396,19187,20204,20933,22219,22792,23620,24353,25407,26306,27724,28879,29730,29214,29842,31034,32447,32272,34059,35476,36376,37972,39630,40945
46000,South Dakota,51,Disposable personal income (millions of dollars),5208.9,5188.6,6060.9,6352.5,6701.2,7703.3,7880.8,8228.7,8637.6,9012.3,9658.6,10537,10989.6,11886.6,12363.5,13398.2,13597,15074.1,15226.9,16467.4,17151.1,18346.3,18955.2,19222.1,21314.2,22885.5,24149.1,25244.6,28027.5,29977.3,29736.1,31359.2,33988.3,34637.8,34851.7,36330.1,37819.5,38241.2,39795.5,42581.8,43879.3
46000,South Dakota,52,Population (persons) 1/,689018,690851,689584,690597,693009,697250,698404,696036,696034,698160,696698,697101,703669,712801,722159,730790,737925,742213,744223,746058,750412,755844,757972,760020,763729,770396,775493,783033,791623,799124,807067,816166,823579,833566,842316,849129,853988,862996,872868,878698,884659
46000,South Dakota,53,Per capita disposable personal income (dollars) 2/,7560,7511,8789,9198,9670,11048,11284,11822,12410,12909,13863,15115,15618,16676,17120,18334,18426,20310,20460,22073,22856,24273,25008,25292,27908,29706,31140,32239,35405,37513,36845,38423,41269,41554,41376,42785,44286,44312,45592,48460,49600
47000,Tennessee,51,Disposable personal income (millions of dollars),31022.6,34132.7,37979.8,40568.3,43393.7,48563.3,51736.8,55436.7,59451.4,64909.1,69438.7,74049,78152,85494.1,90891.4,96415.1,103372.7,108610.5,114690,125780.1,130762,139025.5,142430.7,149186.9,156408.9,166165.9,172842.5,182762,191046,199279.5,202262.6,211630.5,223016.8,235159.6,235616.7,245019.3,256775.8,264171.8,277830.2,294064.2,305477.5
47000,Tennessee,52,Population (persons) 1/,4533297,4600252,4627662,4646043,4659757,4686743,4715292,4738708,4782939,4822438,4854432,4894492,4966587,5049742,5137584,5231438,5326936,5416643,5499233,5570045,5638706,5703719,5750789,5795918,5847812,5910809,5991057,6088766,6175727,6247411,6306019,6355311,6399291,6453898,6494340,6541223,6591170,6646010,6708799,6771631,6829174
47000,Tennessee,53,Per capita disposable personal income (dollars) 2/,6843,7420,8207,8732,9312,10362,10972,11699,12430,13460,14304,15129,15736,16930,17691,18430,19406,20051,20856,22582,23190,24375,24767,25740,26747,28112,28850,30016,30935,31898,32075,33300,34850,36437,36280,37458,38958,39749,41413,43426,44731
48000,Texas,51,Disposable personal income (millions of dollars),108747,124203.6,144518.8,161242.6,175487.1,193068.2,208065.5,215175.1,218514,232932.8,247426.1,266875,280461.6,304678.6,322213.6,340123.2,363036.3,387820,419799,455013.5,479322.3,518927.5,554069.9,574277.1,600640.2,631115.8,676535,739894.3,784747.9,851236.1,840445.2,888393.9,960407.5,1029245.1,1044288.8,1121525.3,1147826.8,1157219.2,1231308.6,1325038.3,1382814.9
48000,Texas,52,Population (persons) 1/,13887312,14338208,14746318,15331408,15751674,16007088,16272722,16561103,16621767,16667040,16806729,17056755,17398005,17759738,18161612,18564062,18958751,19340342,19740317,20157531,20558220,20944499,21319622,21690325,22030931,22394023,22778123,23359580,23831983,24309039,24801761,25241971,25645629,26084481,26480266,26964333,27470056,27914410,28295273,28628666,28995881
48000,Texas,53,Per capita disposable personal income (dollars) 2/,7831,8662,9800,10517,11141,12061,12786,12993,13146,13976,14722,15646,16120,17156,17741,18322,19149,20052,21266,22573,23315,24776,25989,26476,27263,28182,29701,31674,32928,35017,33887,35195,37449,39458,39436,41593,41785,41456,43516,46284,47690
49000,Utah,51,Disposable personal income (millions of dollars),9739.2,10964.8,12299.5,13315.7,14430.7,16021.4,17096.3,17958.9,18747.7,19975.5,21467.2,23001.6,24812.3,26834.3,28871.3,31054.6,33712.4,36651.9,39532.4,42233.7,44424.3,47567.1,50023.6,52578.8,54907.1,58677.6,63193,70034.9,75897,80456,78961.1,81418.6,87061.3,92996.1,95167.9,101056,108440.1,114250.6,121887.5,132376.5,139451.4
49000,Utah,52,Population (persons) 1/,1416094,1472595,1515472,1558314,1594943,1622342,1642910,1662833,1678120,1689372,1705865,1731223,1779780,1836799,1898404,1960446,2014177,2067976,2119784,2165960,2203482,2244502,2283715,2324815,2360137,2401580,2457719,2525507,2597746,2663029,2723421,2775332,2814384,2853375,2897640,2936879,2981835,3041868,3101042,3153550,3205958
49000,Utah,53,Per capita disposable personal income (dollars) 2/,6877,7446,8116,8545,9048,9875,10406,10800,11172,11824,12584,13286,13941,14609,15208,15841,16738,17724,18649,19499,20161,21193,21904,22616,23264,24433,25712,27731,29216,30212,28993,29337,30934,32592,32843,34409,36367,37559,39305,41977,43498
50000,Vermont,51,Disposable personal income (millions of dollars),3568.6,3988.5,4470.1,4904.7,5281.2,5821.3,6276.7,6720.6,7232,7939.2,8743.4,9097.9,9337.6,10033.1,10419.2,10940.6,11521.7,12062.9,12623,13528.7,14386.4,15504.5,16556.5,17210.8,18126.1,19225.4,19535.4,20659.7,21625.4,22821.5,23091.5,23778.8,24858.3,25803.8,25891.5,26849.4,27670.1,28127.9,28912,29981.2,30894.5
50000,Vermont,52,Population (persons) 1/,505711,512524,515594,519108,523302,526658,530035,534066,540267,549763,557708,564798,568606,572751,577748,583836,589002,593701,597239,600416,604683,609618,612223,615442,617858,619920,621215,622892,623481,624151,624817,625879,627049,626090,626210,625214,625216,623657,624344,624358,623989
50000,Vermont,53,Per capita disposable personal income (dollars) 2/,7057,7782,8670,9448,10092,11053,11842,12584,13386,14441,15677,16108,16422,17517,18034,18739,19561,20318,21136,22532,23792,25433,27043,27965,29337,31013,31447,33167,34685,36564,36957,37993,39643,41214,41346,42944,44257,45102,46308,48019,49511
51000,Virginia,51,Disposable personal income (millions of dollars),43678.7,49329.4,55019.4,59869.6,65175,72986.1,78395.1,84607.3,90656.6,99860.9,107559.6,113490.1,118921.1,126872.4,133059.4,139598.7,146567.6,153140.3,162408.5,171533.1,182277.8,197699.4,208454.7,219769.4,235359.2,252936.8,267715.4,284937.9,299044.7,310372.3,313061.1,325859.9,341395.7,360023.6,353624.2,369915.8,384619.5,394560.7,411396.8,432108.3,445077.3
51000,Virginia,52,Population (persons) 1/,5324533,5368334,5444094,5492785,5564662,5643868,5715149,5811692,5932273,6036908,6120246,6216884,6301217,6414307,6509630,6593139,6670693,6750884,6829183,6900918,7000174,7105817,7198362,7286873,7366977,7475575,7577105,7673725,7751000,7833496,7925937,8023699,8101155,8185080,8252427,8310993,8361808,8410106,8463587,8501286,8535519
51000,Virginia,53,Per capita disposable personal income (dollars) 2/,8203,9189,10106,10900,11712,12932,13717,14558,15282,16542,17574,18255,18873,19780,20440,21173,21972,22684,23782,24857,26039,27822,28959,30160,31948,33835,35332,37132,38581,39621,39498,40612,42142,43985,42851,44509,45997,46915,48608,50829,52144
53000,Washington,51,Disposable personal income (millions of dollars),35751.8,40641.3,45025.8,48765.5,52606.8,56587.6,60037.6,64236.1,67480,73800,80715.6,88389.4,95161.8,103021.6,108666.3,113863.5,120228.9,128184.5,137099.5,148545.9,156108.4,168112.1,175116.3,182278.5,191706,207180.2,213612.4,231365.1,249161.3,263561,258276.1,264557.9,276734.8,299642,302843.4,326302.4,344233.8,361649.4,386587.3,420766.4,442196
53000,Washington,52,Population (persons) 1/,4012831,4154678,4235728,4276551,4300269,4343657,4400096,4452724,4531903,4639894,4746315,4903043,5025624,5160757,5278842,5375161,5481027,5569753,5674747,5769562,5842564,5910512,5985722,6052349,6104115,6178645,6257305,6370753,6461587,6562231,6667426,6742830,6826627,6897058,6963985,7054655,7163657,7294771,7423362,7523869,7614893
53000,Washington,53,Per capita disposable personal income (dollars) 2/,8909,9782,10630,11403,12233,13028,13645,14426,14890,15906,17006,18027,18935,19962,20585,21183,21935,23014,24160,25746,26719,28443,29256,30117,31406,33532,34138,36317,38560,40163,38737,39235,40538,43445,43487,46253,48053,49577,52077,55924,58070
54000,West Virginia,51,Disposable personal income (millions of dollars),12506.7,13696.6,14970.4,15956.1,16484.5,17806.5,18536.9,19052.7,19505.5,20957.8,22023.8,23433.5,24520.9,26556.2,27553.9,28653.3,29578.4,30702.8,31878.4,33186.7,34103.2,36065.7,38191.5,40173.1,41022.2,42651.6,44439.8,47374.7,48878.8,51655.1,53032.6,54825.7,57280.2,59387.4,58613.4,60396.2,61606.7,61520.6,64219.7,67631.9,68937.2
54000,West Virginia,52,Population (persons) 1/,1939062,1951349,1954125,1949605,1945058,1927696,1906831,1882352,1857583,1830213,1806570,1792548,1798735,1806451,1817539,1820421,1823700,1822808,1819113,1815609,1811799,1807021,1801481,1805414,1812295,1816438,1820492,1827912,1834052,1840310,1847775,1854239,1856301,1856872,1853914,1849489,1842050,1831023,1817004,1804291,1792147
54000,West Virginia,53,Per capita disposable personal income (dollars) 2/,6450,7019,7661,8184,8475,9237,9721,10122,10500,11451,12191,13073,13632,14701,15160,15740,16219,16844,17524,18279,18823,19959,21200,22251,22635,23481,24411,25917,26651,28069,28701,29568,30857,31982,31616,32656,33445,33599,35344,37484,38466
55000,Wisconsin,51,Disposable personal income (millions of dollars),37004.7,41052.4,44542,47449,50384.5,55589.6,58575.2,61798.5,64833.5,69015.8,75101.7,79267.4,82565.9,89160.6,93652.8,99256.6,104202.2,109482.8,115509.6,123148.5,128568.8,137445.2,144964.6,152065.8,157511.6,165225.5,169909.2,179228.7,187187.4,193675.1,195125.1,200496.6,210036.5,220486.3,219681.2,229860.6,238582.2,242168,252888.8,266884.3,275295.2
55000,Wisconsin,52,Population (persons) 1/,4665911,4712045,4726345,4728862,4721438,4735571,4747765,4755625,4777923,4822391,4856568,4904562,4964343,5025398,5084889,5133678,5184836,5229986,5266213,5297672,5332666,5373999,5406835,5445162,5479203,5514026,5546166,5577655,5610775,5640996,5669264,5690475,5705288,5719960,5736754,5751525,5760940,5772628,5790186,5807406,5822434
55000,Wisconsin,53,Per capita disposable personal income (dollars) 2/,7931,8712,9424,10034,10671,11739,12337,12995,13569,14312,15464,16162,16632,17742,18418,19334,20097,20934,21934,23246,24110,25576,26811,27927,28747,29965,30635,32133,33362,34333,34418,35234,36814,38547,38294,39965,41414,41951,43675,45956,47282
56000,Wyoming,51,Disposable personal income (millions of dollars),4091.7,4793.3,5451.6,5812.9,5861.8,6165.6,6436.9,6480.3,6207,6324.2,6855.3,7388.8,7782.1,8233.4,8685.4,9072.9,9514.5,9743.6,10408.1,11042.3,11793.7,12633.2,13453.8,14157.4,15176.5,16262.3,17579.8,20002,21209.9,23367.5,22479.8,23467.7,25716.4,27482.2,27374.6,29447.5,29752,28546.3,29396.7,31676,32404.1
56000,Wyoming,52,Population (persons) 1/,451850,474185,491712,506400,510344,504895,499696,495633,476966,465103,458373,453690,459260,466251,473081,480283,485160,488167,489451,490787,491780,494300,494657,500017,503453,509106,514157,522667,534876,546043,559851,564487,567299,576305,582122,582531,585613,584215,578931,577601,578759
56000,Wyoming,53,Per capita disposable personal income (dollars) 2/,9055,10109,11087,11479,11486,12212,12882,13075,13014,13597,14956,16286,16945,17659,18359,18891,19611,19960,21265,22499,23982,25558,27198,28314,30145,31943,34192,38269,39654,42794,40153,41573,45331,47687,47026,50551,50805,48863,50778,54841,55989