STATE,YEAR,Disposable Income Per Capita,GDP Growth,Avg Unemployment
Alabama,1980,6491.0,-0.6,9.200000000000001
Alabama,1981,7082.0,1.8,10.316666666666666
Alabama,1982,7811.0,-2.5,14.083333333333334
Alabama,1983,8315.0,4.9,13.850000000000001
Alabama,1984,8884.0,4.7,11.033333333333333
Alabama,1985,9772.0,4.7,9.0
Alabama,1986,10388.0,1.0,9.866666666666667
Alabama,1987,10944.0,5.5,7.883333333333334
Alabama,1988,11454.0,4.9,7.1000000000000005
Alabama,1989,12391.0,-0.1,7.116666666666666
Alabama,1990,13377.0,1.6,6.683333333333333
Alabama,1991,14175.0,2.8,7.3500000000000005
Alabama,1992,14867.0,4.3,7.633333333333334
Alabama,1993,15821.0,1.5,7.483333333333333
Alabama,1994,16294.0,4.0,6.083333333333333
Alabama,1995,16995.0,3.4,6.083333333333333
Alabama,1996,17772.0,3.4,5.166666666666667
Alabama,1997,18364.0,3.4,5.05
Alabama,1998,19087.0,3.6,4.416666666666667
Alabama,1999,20144.0,3.7,4.783333333333334
Alabama,2000,20704.0,1.6,4.516666666666667
Alabama,2001,21606.0,-0.4,4.95
Alabama,2002,22302.0,2.6,5.866666666666667
Alabama,2003,23234.0,2.5,6.116666666666666
Alabama,2004,24323.0,6.5,5.733333333333333
Alabama,2005,25992.0,3.4,4.416666666666667
Alabama,2006,27013.0,1.9,4.1000000000000005
Alabama,2007,28184.0,0.6,3.9
Alabama,2008,29230.0,-0.7,5.483333333333333
Alabama,2009,29972.0,-3.4,11.299999999999999
Alabama,2010,29994.0,2.3,10.200000000000001
Alabama,2011,30992.0,1.4,9.833333333333332
Alabama,2012,31859.0,0.5,8.133333333333333
Alabama,2013,32805.0,1.2,7.116666666666667
Alabama,2014,32772.0,-0.7,6.8
Alabama,2015,33860.0,1.0,6.1499999999999995
Alabama,2016,35190.0,1.1,5.816666666666666
Alabama,2017,35690.0,1.1,4.3
Alabama,2018,37171.0,2.3,3.9499999999999997
Alabama,2019,38790.0,1.4,2.9
Alabama,2020,39995.0,-9.1,8.516666666666667
Alaska,1980,11817.0,15.9,9.883333333333333
Alaska,1981,13586.0,15.3,9.299999999999999
Alaska,1982,14647.0,2.6,9.916666666666666
Alaska,1983,16935.0,-2.7,9.766666666666666
Alaska,1984,17172.0,4.0,9.85
Alaska,1985,17573.0,11.1,9.683333333333332
Alaska,1986,18455.0,-16.3,11.133333333333333
Alaska,1987,18461.0,18.3,10.333333333333334
Alaska,1988,17703.0,-5.7,8.833333333333334
Alaska,1989,18483.0,4.1,6.8
Alaska,1990,19732.0,-0.7,7.2
Alaska,1991,20549.0,-10.3,8.483333333333333
Alaska,1992,21008.0,1.3,8.983333333333333
Alaska,1993,21767.0,-0.4,7.666666666666667
Alaska,1994,22515.0,0.5,7.616666666666666
Alaska,1995,23059.0,5.4,7.216666666666666
Alaska,1996,23705.0,-1.2,7.566666666666666
Alaska,1997,24138.0,1.1,7.183333333333334
Alaska,1998,25176.0,-2.6,6.333333333333333
Alaska,1999,26045.0,-1.1,6.5
Alaska,2000,26710.0,-3.0,6.366666666666666
Alaska,2001,28536.0,3.7,6.383333333333333
Alaska,2002,29859.0,4.6,7.383333333333333
Alaska,2003,31460.0,-1.8,7.866666666666666
Alaska,2004,32877.0,3.8,7.449999999999999
Alaska,2005,34056.0,3.0,6.816666666666666
Alaska,2006,35693.0,7.7,6.6000000000000005
Alaska,2007,37475.0,5.4,6.349999999999999
Alaska,2008,39761.0,-0.5,6.699999999999999
Alaska,2009,43141.0,9.9,7.833333333333333
Alaska,2010,43543.0,-3.0,7.849999999999999
Alaska,2011,45697.0,0.9,7.533333333333334
Alaska,2012,48117.0,5.5,7.1000000000000005
Alaska,2013,49446.0,-5.1,7.0
Alaska,2014,48141.0,-2.3,6.933333333333333
Alaska,2015,50997.0,1.0,6.5
Alaska,2016,52428.0,-1.3,6.883333333333333
Alaska,2017,51474.0,-0.9,6.8999999999999995
Alaska,2018,52805.0,0.2,6.449999999999999
Alaska,2019,55735.0,0.6,6.183333333333334
Alaska,2020,57936.0,-11.2,10.799999999999999
Arizona,1980,7722.0,3.1,7.016666666666666
Arizona,1981,8602.0,2.8,5.949999999999999
Arizona,1982,9489.0,-2.4,10.283333333333333
Arizona,1983,9872.0,5.7,8.9
Arizona,1984,10678.0,10.8,4.9
Arizona,1985,11696.0,6.4,6.483333333333334
Arizona,1986,12479.0,5.9,7.016666666666667
Arizona,1987,13153.0,4.2,6.3500000000000005
Arizona,1988,13615.0,4.8,6.449999999999999
Arizona,1989,14382.0,0.9,5.316666666666667
Arizona,1990,14990.0,0.8,5.283333333333333
Arizona,1991,15440.0,0.4,5.849999999999999
Arizona,1992,15840.0,10.2,7.616666666666666
Arizona,1993,16429.0,5.1,6.3
Arizona,1994,16974.0,9.7,6.266666666666667
Arizona,1995,17750.0,7.6,5.3500000000000005
Arizona,1996,18526.0,7.9,5.6499999999999995
Arizona,1997,19202.0,7.0,4.483333333333333
Arizona,1998,20080.0,8.7,4.283333333333334
Arizona,1999,21192.0,8.2,4.483333333333333
Arizona,2000,21708.0,4.9,3.9666666666666663
Arizona,2001,22895.0,2.3,4.716666666666666
Arizona,2002,23527.0,3.2,6.166666666666667
Arizona,2003,24396.0,6.4,5.816666666666667
Arizona,2004,25515.0,4.2,5.033333333333333
Arizona,2005,27158.0,8.2,4.666666666666667
Arizona,2006,28797.0,5.4,4.25
Arizona,2007,30901.0,2.8,3.6833333333333336
Arizona,2008,31905.0,-2.6,6.099999999999999
Arizona,2009,32012.0,-8.1,10.033333333333333
Arizona,2010,30844.0,1.0,10.3
Arizona,2011,30921.0,2.2,9.633333333333333
Arizona,2012,31717.0,1.9,8.366666666666669
Arizona,2013,32842.0,0.7,7.783333333333334
Arizona,2014,33016.0,1.5,6.766666666666667
Arizona,2015,34518.0,2.9,6.05
Arizona,2016,35628.0,3.3,5.383333333333334
Arizona,2017,36614.0,3.7,4.816666666666666
Arizona,2018,38249.0,3.9,4.7
Arizona,2019,40164.0,3.1,4.716666666666666
Arizona,2020,41340.0,-7.8,9.283333333333333
Arkansas,1980,6355.0,-1.5,7.8
Arkansas,1981,6773.0,3.6,8.716666666666665
Arkansas,1982,7669.0,-2.7,9.85
Arkansas,1983,8006.0,3.2,9.85
Arkansas,1984,8538.0,7.8,8.700000000000001
Arkansas,1985,9533.0,1.0,8.716666666666667
Arkansas,1986,10065.0,2.0,8.533333333333333
Arkansas,1987,10588.0,3.5,8.1
Arkansas,1988,10933.0,3.8,7.633333333333334
Arkansas,1989,11754.0,2.0,6.983333333333333
Arkansas,1990,12550.0,1.1,6.833333333333333
Arkansas,1991,13137.0,4.5,7.416666666666665
Arkansas,1992,13787.0,5.9,7.133333333333333
Arkansas,1993,14838.0,3.0,6.1499999999999995
Arkansas,1994,15301.0,5.7,5.416666666666667
Arkansas,1995,15957.0,4.1,4.816666666666666
Arkansas,1996,16674.0,4.5,5.283333333333334
Arkansas,1997,17424.0,3.4,5.233333333333333
Arkansas,1998,17992.0,2.5,5.166666666666667
Arkansas,1999,18855.0,5.4,4.6000000000000005
Arkansas,2000,19453.0,1.0,4.216666666666666
Arkansas,2001,20199.0,-0.2,4.95
Arkansas,2002,21202.0,3.2,5.449999999999999
Arkansas,2003,21936.0,4.0,6.033333333333334
Arkansas,2004,23320.0,4.6,5.7
Arkansas,2005,24645.0,3.5,5.233333333333333
Arkansas,2006,25473.0,2.2,5.216666666666667
Arkansas,2007,26662.0,-0.8,5.366666666666666
Arkansas,2008,27954.0,-0.3,5.3
Arkansas,2009,28699.0,-3.2,7.916666666666667
Arkansas,2010,28545.0,2.6,8.116666666666667
Arkansas,2011,29278.0,2.0,8.383333333333333
Arkansas,2012,30785.0,0.4,7.583333333333333
Arkansas,2013,33039.0,2.4,7.283333333333334
Arkansas,2014,32752.0,1.3,5.966666666666668
Arkansas,2015,34624.0,1.1,5.05
Arkansas,2016,35682.0,0.5,3.9666666666666663
Arkansas,2017,36415.0,1.3,3.683333333333333
Arkansas,2018,37612.0,1.5,3.6333333333333333
Arkansas,2019,39213.0,0.6,3.566666666666667
Arkansas,2020,40321.0,-8.8,8.383333333333333
California,1980,9410.0,3.0,7.033333333333334
California,1981,10434.0,3.3,7.166666666666667
California,1982,11518.0,0.0,10.0
California,1983,12165.0,3.6,9.833333333333334
California,1984,12896.0,8.0,7.716666666666666
California,1985,14046.0,5.1,7.25
California,1986,14755.0,3.8,6.800000000000001
California,1987,15467.0,6.2,5.733333333333334
California,1988,16073.0,5.7,5.3
California,1989,17205.0,3.8,5.133333333333333
California,1990,17869.0,2.9,5.6499999999999995
California,1991,18711.0,-1.4,7.716666666666666
California,1992,19253.0,-0.2,9.383333333333333
California,1993,20135.0,-0.4,9.483333333333333
California,1994,20437.0,1.9,8.633333333333333
California,1995,20913.0,4.0,7.933333333333334
California,1996,21714.0,4.0,7.233333333333333
California,1997,22592.0,6.0,6.316666666666666
California,1998,23454.0,6.6,6.0
California,1999,24963.0,7.7,5.2
California,2000,25881.0,8.0,5.033333333333332
California,2001,27613.0,-0.1,5.3500000000000005
California,2002,28805.0,2.4,6.633333333333334
California,2003,30011.0,4.7,6.883333333333333
California,2004,31372.0,4.0,6.233333333333333
California,2005,33132.0,4.5,5.3500000000000005
California,2006,34313.0,4.2,4.8999999999999995
California,2007,36600.0,1.5,5.3500000000000005
California,2008,37690.0,0.4,7.166666666666667
California,2009,38100.0,-4.0,11.266666666666666
California,2010,37674.0,1.5,12.200000000000001
California,2011,38861.0,1.6,11.75
California,2012,40628.0,2.5,10.399999999999999
California,2013,42904.0,3.5,8.950000000000001
California,2014,42674.0,4.4,7.483333333333333
California,2015,45204.0,5.2,6.183333333333334
California,2016,47863.0,3.4,5.483333333333333
California,2017,49895.0,4.3,4.783333333333334
California,2018,52092.0,3.1,4.233333333333333
California,2019,55045.0,3.4,4.016666666666667
California,2020,57389.0,-10.0,13.899999999999999
Colorado,1980,8549.0,3.6,6.033333333333334
Colorado,1981,9589.0,4.3,5.6000000000000005
Colorado,1982,10714.0,2.0,7.333333333333333
Colorado,1983,11429.0,1.3,7.166666666666667
Colorado,1984,12353.0,5.7,5.383333333333334
Colorado,1985,13361.0,2.6,6.05
Colorado,1986,13954.0,-0.6,7.516666666666667
Colorado,1987,14421.0,1.8,7.466666666666668
Colorado,1988,14800.0,3.1,6.55
Colorado,1989,15693.0,1.2,5.633333333333334
Colorado,1990,16715.0,2.3,5.266666666666667
Colorado,1991,17471.0,2.1,5.216666666666666
Colorado,1992,18121.0,6.9,6.066666666666667
Colorado,1993,19077.0,6.6,5.283333333333332
Colorado,1994,19922.0,6.8,4.233333333333333
Colorado,1995,20733.0,5.7,4.050000000000001
Colorado,1996,21930.0,5.4,4.3500000000000005
Colorado,1997,22924.0,8.2,3.35
Colorado,1998,23881.0,9.0,3.6833333333333336
Colorado,1999,25667.0,7.5,3.1
Colorado,2000,26919.0,7.7,2.766666666666667
Colorado,2001,29054.0,1.5,3.6999999999999993
Colorado,2002,30155.0,0.2,5.516666666666667
Colorado,2003,30526.0,0.8,6.016666666666667
Colorado,2004,31192.0,1.0,5.433333333333333
Colorado,2005,32026.0,4.2,5.033333333333332
Colorado,2006,33408.0,1.9,4.366666666666667
Colorado,2007,35141.0,3.3,3.6166666666666667
Colorado,2008,36538.0,1.2,4.783333333333333
Colorado,2009,37308.0,-2.1,7.400000000000001
Colorado,2010,35961.0,1.1,8.766666666666667
Colorado,2011,36384.0,1.2,8.283333333333333
Colorado,2012,38489.0,1.9,7.916666666666667
Colorado,2013,40429.0,3.3,6.916666666666667
Colorado,2014,41590.0,4.3,4.916666666666667
Colorado,2015,44502.0,4.8,3.8833333333333333
Colorado,2016,45637.0,2.2,3.35
Colorado,2017,45698.0,4.0,2.766666666666667
Colorado,2018,48644.0,4.4,3.1833333333333336
Colorado,2019,51895.0,3.9,2.7166666666666663
Colorado,2020,53702.0,-8.2,8.916666666666666
Connecticut,1980,9397.0,1.9,5.933333333333334
Connecticut,1981,10593.0,2.3,6.116666666666667
Connecticut,1982,11788.0,2.6,6.883333333333333
Connecticut,1983,12672.0,5.0,6.0
Connecticut,1984,13799.0,9.2,4.566666666666666
Connecticut,1985,15436.0,5.3,4.866666666666666
Connecticut,1986,16319.0,4.6,3.85
Connecticut,1987,17335.0,7.6,3.2999999999999994
Connecticut,1988,18593.0,6.1,2.983333333333333
Connecticut,1989,20612.0,1.3,3.6999999999999993
Connecticut,1990,22300.0,0.5,5.116666666666666
Connecticut,1991,23007.0,-2.4,6.583333333333333
Connecticut,1992,23198.0,1.4,7.533333333333334
Connecticut,1993,24665.0,-1.3,6.6000000000000005
Connecticut,1994,25298.0,2.3,5.616666666666667
Connecticut,1995,25958.0,6.2,5.533333333333332
Connecticut,1996,27144.0,2.6,5.45
Connecticut,1997,27863.0,6.3,5.05
Connecticut,1998,29192.0,2.9,3.4166666666666665
Connecticut,1999,31066.0,3.1,2.8333333333333335
Connecticut,2000,32499.0,6.9,2.3166666666666664
Connecticut,2001,35012.0,1.7,3.2000000000000006
Connecticut,2002,36851.0,0.0,4.3
Connecticut,2003,38208.0,1.0,5.466666666666666
Connecticut,2004,38924.0,6.6,4.933333333333334
Connecticut,2005,40811.0,2.4,4.933333333333333
Connecticut,2006,42246.0,3.8,4.3
Connecticut,2007,45342.0,3.7,4.3999999999999995
Connecticut,2008,48055.0,-0.6,5.616666666666667
Connecticut,2009,51566.0,-4.2,7.966666666666668
Connecticut,2010,52725.0,-0.3,9.116666666666667
Connecticut,2011,54308.0,-2.2,8.85
Connecticut,2012,54905.0,0.7,8.433333333333334
Connecticut,2013,55792.0,-2.3,7.8500000000000005
Connecticut,2014,53358.0,-0.4,6.583333333333333
Connecticut,2015,55916.0,3.2,5.666666666666667
Connecticut,2016,57354.0,0.3,5.183333333333334
Connecticut,2017,59259.0,0.9,4.7
Connecticut,2018,60747.0,0.4,4.133333333333333
Connecticut,2019,63737.0,0.9,3.6999999999999997
Connecticut,2020,65920.0,-10.3,9.016666666666667
Delaware,1980,7983.0,-1.8,7.733333333333333
Delaware,1981,9028.0,2.0,7.683333333333334
Delaware,1982,9868.0,1.1,8.366666666666667
Delaware,1983,10710.0,7.9,7.833333333333333
Delaware,1984,11430.0,7.4,6.3
Delaware,1985,12569.0,6.2,5.1
Delaware,1986,13489.0,2.8,4.516666666666667
Delaware,1987,14113.0,7.1,3.033333333333333
Delaware,1988,15106.0,4.6,3.1
Delaware,1989,16359.0,7.3,3.5666666666666664
Delaware,1990,17869.0,2.3,4.266666666666667
Delaware,1991,18503.0,4.0,6.199999999999999
Delaware,1992,19373.0,0.9,5.499999999999999
Delaware,1993,19905.0,-0.9,5.033333333333332
Delaware,1994,20310.0,6.7,4.816666666666666
Delaware,1995,20726.0,4.1,4.283333333333334
Delaware,1996,21585.0,1.9,5.1000000000000005
Delaware,1997,22555.0,3.1,3.9499999999999997
Delaware,1998,23004.0,9.4,3.8333333333333335
Delaware,1999,25144.0,7.6,3.4166666666666665
Delaware,2000,26739.0,4.3,3.783333333333333
Delaware,2001,29315.0,4.9,3.3333333333333335
Delaware,2002,32147.0,-3.6,4.033333333333332
Delaware,2003,33545.0,1.8,4.3500000000000005
Delaware,2004,34088.0,4.5,4.0
Delaware,2005,34836.0,-1.2,4.183333333333334
Delaware,2006,34678.0,2.6,3.5666666666666664
Delaware,2007,36099.0,-0.2,3.383333333333333
Delaware,2008,36601.0,-4.2,4.783333333333332
Delaware,2009,35747.0,3.8,8.4
Delaware,2010,36824.0,-0.4,8.416666666666666
Delaware,2011,36869.0,3.2,7.483333333333333
Delaware,2012,39147.0,-1.0,7.233333333333333
Delaware,2013,39402.0,-3.8,6.699999999999999
Delaware,2014,39380.0,7.8,5.75
Delaware,2015,40917.0,3.7,4.8500000000000005
Delaware,2016,42536.0,-5.5,4.5
Delaware,2017,43266.0,-1.7,4.5
Delaware,2018,44965.0,2.1,3.766666666666667
Delaware,2019,46842.0,1.8,3.766666666666666
Delaware,2020,48121.0,-8.8,11.833333333333334
District of Columbia,1980,10481.0,-0.9,7.300000000000001
District of Columbia,1981,11389.0,-1.8,8.933333333333334
District of Columbia,1982,12103.0,-2.9,10.5
District of Columbia,1983,12987.0,1.0,11.299999999999999
District of Columbia,1984,13829.0,2.1,8.950000000000001
District of Columbia,1985,15063.0,1.5,8.283333333333333
District of Columbia,1986,15891.0,0.6,7.650000000000001
District of Columbia,1987,16657.0,2.8,6.266666666666667
District of Columbia,1988,17459.0,4.4,4.966666666666668
District of Columbia,1989,19483.0,1.9,4.833333333333334
District of Columbia,1990,20805.0,2.1,6.366666666666667
District of Columbia,1991,22509.0,-1.8,7.783333333333334
District of Columbia,1992,23972.0,0.7,8.516666666666666
District of Columbia,1993,25455.0,1.4,8.466666666666667
District of Columbia,1994,26699.0,0.0,7.866666666666667
District of Columbia,1995,27398.0,-2.7,8.933333333333334
District of Columbia,1996,28033.0,-1.3,8.549999999999999
District of Columbia,1997,29338.0,1.0,7.916666666666667
District of Columbia,1998,30608.0,1.7,8.533333333333333
District of Columbia,1999,32302.0,4.3,6.333333333333333
District of Columbia,2000,33276.0,0.8,5.500000000000001
District of Columbia,2001,36307.0,3.8,6.366666666666667
District of Columbia,2002,37536.0,3.1,6.316666666666666
District of Columbia,2003,39017.0,2.1,6.8999999999999995
District of Columbia,2004,39904.0,5.1,7.966666666666666
District of Columbia,2005,43480.0,2.1,6.249999999999999
District of Columbia,2006,45491.0,0.3,5.8500000000000005
District of Columbia,2007,47842.0,2.7,5.5
District of Columbia,2008,50581.0,3.7,6.283333333333334
District of Columbia,2009,51884.0,-0.4,9.416666666666666
District of Columbia,2010,52744.0,3.4,9.283333333333333
District of Columbia,2011,55842.0,1.8,10.4
District of Columbia,2012,58415.0,0.6,8.933333333333332
District of Columbia,2013,58825.0,0.2,8.533333333333333
District of Columbia,2014,57894.0,1.8,7.766666666666667
District of Columbia,2015,60798.0,1.9,6.8500000000000005
District of Columbia,2016,63873.0,2.1,6.066666666666666
District of Columbia,2017,66315.0,0.7,6.1499999999999995
District of Columbia,2018,67471.0,2.0,5.683333333333334
District of Columbia,2019,69494.0,1.0,5.416666666666667
District of Columbia,2020,71330.0,-5.8,9.166666666666666
Florida,1980,7942.0,4.9,6.2
Florida,1981,8972.0,4.9,6.516666666666667
Florida,1982,10023.0,2.4,8.4
Florida,1983,10461.0,5.8,8.633333333333333
Florida,1984,11520.0,8.4,6.316666666666666
Florida,1985,12610.0,5.4,6.033333333333332
Florida,1986,13259.0,4.4,5.8500000000000005
Florida,1987,13909.0,6.5,5.249999999999999
Florida,1988,14620.0,6.2,5.066666666666666
Florida,1989,15724.0,3.6,5.6000000000000005
Florida,1990,17028.0,2.4,6.05
Florida,1991,17714.0,0.5,7.533333333333334
Florida,1992,18125.0,3.7,8.333333333333332
Florida,1993,18808.0,3.8,7.1000000000000005
Florida,1994,19522.0,4.9,6.466666666666666
Florida,1995,20082.0,3.7,5.533333333333334
Florida,1996,21107.0,5.1,5.133333333333334
Florida,1997,21784.0,4.3,4.766666666666667
Florida,1998,22365.0,5.0,4.316666666666667
Florida,1999,23571.0,4.3,3.8833333333333333
Florida,2000,24272.0,4.4,3.733333333333333
Florida,2001,25721.0,2.7,4.366666666666666
Florida,2002,26665.0,4.0,5.616666666666667
Florida,2003,27597.0,4.4,5.316666666666667
Florida,2004,28894.0,6.0,4.633333333333334
Florida,2005,30521.0,6.5,3.616666666666666
Florida,2006,32114.0,3.4,3.233333333333334
Florida,2007,34269.0,0.1,3.983333333333334
Florida,2008,35303.0,-3.8,6.183333333333334
Florida,2009,35269.0,-5.5,10.566666666666666
Florida,2010,33714.0,1.0,10.983333333333334
Florida,2011,35369.0,-0.4,10.066666666666665
Florida,2012,36468.0,0.7,8.533333333333333
Florida,2013,37299.0,2.0,7.216666666666666
Florida,2014,36498.0,2.8,6.283333333333332
Florida,2015,38574.0,4.5,5.466666666666666
Florida,2016,40195.0,3.4,4.8
Florida,2017,41371.0,3.6,4.2
Florida,2018,42740.0,3.8,3.5499999999999994
Florida,2019,45214.0,2.8,3.1166666666666667
Florida,2020,46370.0,-9.6,10.683333333333332
Georgia,1980,6900.0,1.2,6.816666666666666
Georgia,1981,7587.0,4.2,6.183333333333334
Georgia,1982,8432.0,1.5,7.583333333333333
Georgia,1983,9051.0,6.5,7.783333333333334
Georgia,1984,9761.0,9.7,6.016666666666667
Georgia,1985,10918.0,7.5,6.633333333333333
Georgia,1986,11617.0,5.8,6.05
Georgia,1987,12440.0,5.0,5.533333333333334
Georgia,1988,13059.0,4.5,5.716666666666666
Georgia,1989,14076.0,2.0,5.583333333333333
Georgia,1990,14881.0,1.8,5.433333333333334
Georgia,1991,15686.0,1.3,5.133333333333334
Georgia,1992,16225.0,5.7,7.216666666666666
Georgia,1993,17182.0,4.6,5.983333333333333
Georgia,1994,17759.0,7.2,5.199999999999999
Georgia,1995,18618.0,5.6,5.0
Georgia,1996,19580.0,6.7,4.616666666666666
Georgia,1997,20535.0,5.3,4.533333333333333
Georgia,1998,21213.0,7.3,4.3
Georgia,1999,22649.0,7.1,3.9166666666666665
Georgia,2000,23593.0,3.4,3.6500000000000004
Georgia,2001,24916.0,1.0,3.9166666666666665
Georgia,2002,25802.0,1.2,4.966666666666666
Georgia,2003,26770.0,2.8,4.95
Georgia,2004,27669.0,4.5,4.783333333333334
Georgia,2005,28789.0,3.8,5.366666666666667
Georgia,2006,29743.0,1.2,4.766666666666667
Georgia,2007,30754.0,0.4,4.483333333333333
Georgia,2008,31382.0,-2.3,6.050000000000001
Georgia,2009,31232.0,-3.9,10.083333333333332
Georgia,2010,30990.0,1.3,10.4
Georgia,2011,31317.0,1.7,10.300000000000002
Georgia,2012,32908.0,1.3,9.2
Georgia,2013,33560.0,1.4,8.233333333333333
Georgia,2014,33477.0,3.4,7.183333333333333
Georgia,2015,35480.0,4.1,5.983333333333333
Georgia,2016,37109.0,3.4,5.3500000000000005
Georgia,2017,38148.0,3.7,4.666666666666667
Georgia,2018,39836.0,3.7,3.9166666666666665
Georgia,2019,41857.0,1.6,3.433333333333333
Georgia,2020,42906.0,-8.7,8.216666666666667
Hawaii,1980,9281.0,3.5,4.999999999999999
Hawaii,1981,10429.0,-0.4,5.3500000000000005
Hawaii,1982,11174.0,0.8,6.3999999999999995
Hawaii,1983,11860.0,4.0,6.183333333333334
Hawaii,1984,12762.0,3.7,5.616666666666667
Hawaii,1985,13490.0,3.4,5.383333333333333
Hawaii,1986,14124.0,3.4,4.816666666666666
Hawaii,1987,14788.0,4.5,3.8833333333333333
Hawaii,1988,15321.0,6.8,3.1333333333333333
Hawaii,1989,16647.0,5.9,2.416666666666667
Hawaii,1990,18160.0,6.9,2.6999999999999997
Hawaii,1991,19510.0,1.5,2.8333333333333335
Hawaii,1992,20119.0,2.7,4.383333333333334
Hawaii,1993,21669.0,-1.7,4.316666666666666
Hawaii,1994,22226.0,-0.2,5.633333333333333
Hawaii,1995,22485.0,-1.3,5.966666666666668
Hawaii,1996,22962.0,-1.1,6.233333333333333
Hawaii,1997,22714.0,-0.2,6.283333333333334
Hawaii,1998,23298.0,-2.5,6.1499999999999995
Hawaii,1999,23589.0,1.5,5.433333333333334
Hawaii,2000,24475.0,2.3,4.216666666666666
Hawaii,2001,25823.0,-0.5,4.333333333333334
Hawaii,2002,26701.0,3.2,4.166666666666667
Hawaii,2003,28161.0,5.0,4.250000000000001
Hawaii,2004,29405.0,6.7,3.3166666666666664
Hawaii,2005,31142.0,5.6,2.816666666666667
Hawaii,2006,32636.0,2.7,2.6999999999999993
Hawaii,2007,34456.0,1.1,2.75
Hawaii,2008,36113.0,0.7,4.199999999999999
Hawaii,2009,37633.0,-3.6,7.283333333333332
Hawaii,2010,37808.0,2.8,6.95
Hawaii,2011,38424.0,1.6,6.8
Hawaii,2012,39586.0,2.0,6.033333333333332
Hawaii,2013,40710.0,0.8,4.833333333333334
Hawaii,2014,40440.0,0.3,4.366666666666666
Hawaii,2015,42474.0,3.6,3.5666666666666664
Hawaii,2016,44157.0,2.5,2.966666666666667
Hawaii,2017,45617.0,2.5,2.4166666666666665
Hawaii,2018,47678.0,1.4,2.5
Hawaii,2019,49256.0,0.3,2.6999999999999997
Hawaii,2020,50753.0,-14.8,17.049999999999997
Idaho,1980,7161.0,0.6,7.933333333333334
Idaho,1981,7924.0,0.5,7.6000000000000005
Idaho,1982,8508.0,-4.1,9.866666666666665
Idaho,1983,8928.0,4.9,8.950000000000001
Idaho,1984,9755.0,1.8,7.266666666666667
Idaho,1985,10324.0,2.3,7.883333333333333
Idaho,1986,10851.0,-2.0,8.516666666666667
Idaho,1987,11172.0,2.4,7.599999999999999
Idaho,1988,11709.0,5.4,6.0
Idaho,1989,12640.0,6.4,5.266666666666667
Idaho,1990,13637.0,3.6,5.550000000000001
Idaho,1991,14407.0,2.1,6.166666666666668
Idaho,1992,14748.0,6.9,6.416666666666667
Idaho,1993,15673.0,8.7,6.033333333333332
Idaho,1994,16641.0,8.0,5.366666666666666
Idaho,1995,17244.0,8.3,5.3999999999999995
Idaho,1996,18013.0,3.3,5.266666666666667
Idaho,1997,18687.0,4.8,5.133333333333334
Idaho,1998,19009.0,4.9,5.1000000000000005
Idaho,1999,20200.0,9.5,4.95
Idaho,2000,20973.0,11.4,4.7
Idaho,2001,22111.0,-2.7,5.066666666666666
Idaho,2002,22741.0,2.5,5.5
Idaho,2003,23763.0,2.7,5.699999999999999
Idaho,2004,24336.0,5.7,4.933333333333334
Idaho,2005,25701.0,7.8,4.05
Idaho,2006,26270.0,4.0,3.466666666666667
Idaho,2007,27972.0,1.9,3.0
Idaho,2008,29033.0,1.8,5.483333333333334
Idaho,2009,29380.0,-4.5,9.15
Idaho,2010,28699.0,1.5,8.950000000000001
Idaho,2011,29412.0,-0.2,8.35
Idaho,2012,30565.0,-0.1,7.25
Idaho,2013,32093.0,3.8,6.1499999999999995
Idaho,2014,32804.0,2.8,4.8
Idaho,2015,34326.0,2.6,4.1000000000000005
Idaho,2016,35850.0,3.8,3.8000000000000003
Idaho,2017,36427.0,4.2,3.183333333333333
Idaho,2018,38031.0,5.9,2.8666666666666667
Idaho,2019,40375.0,3.4,2.9
Idaho,2020,41679.0,-9.8,7.000000000000001
Illinois,1980,8674.0,-3.4,8.433333333333332
Illinois,1981,9407.0,1.3,8.3
Illinois,1982,10408.0,-3.5,11.450000000000001
Illinois,1983,11230.0,1.1,11.949999999999998
Illinois,1984,11781.0,7.2,8.833333333333334
Illinois,1985,13059.0,2.9,9.166666666666666
Illinois,1986,13684.0,2.2,8.333333333333334
Illinois,1987,14431.0,3.2,7.45
Illinois,1988,15107.0,5.6,6.683333333333334
Illinois,1989,16399.0,1.9,5.933333333333334
Illinois,1990,17360.0,1.1,6.133333333333333
Illinois,1991,18363.0,-0.1,7.1499999999999995
Illinois,1992,18665.0,3.9,7.933333333333334
Illinois,1993,20072.0,2.1,7.616666666666666
Illinois,1994,20511.0,6.2,5.7
Illinois,1995,21336.0,2.7,5.183333333333333
Illinois,1996,22416.0,4.0,5.333333333333335
Illinois,1997,23527.0,4.7,4.666666666666666
Illinois,1998,24525.0,3.2,4.3500000000000005
Illinois,1999,25678.0,3.7,4.483333333333333
Illinois,2000,26562.0,3.7,4.3
Illinois,2001,28396.0,0.2,5.216666666666667
Illinois,2002,29533.0,0.7,6.583333333333333
Illinois,2003,30453.0,1.5,6.883333333333333
Illinois,2004,31286.0,2.9,6.166666666666667
Illinois,2005,32524.0,1.9,5.683333333333334
Illinois,2006,33483.0,2.6,4.466666666666667
Illinois,2007,35382.0,1.0,4.95
Illinois,2008,37011.0,-1.6,6.2
Illinois,2009,37837.0,-2.6,10.399999999999999
Illinois,2010,37021.0,1.5,10.283333333333333
Illinois,2011,37801.0,1.8,9.866666666666667
Illinois,2012,38929.0,2.0,8.966666666666667
Illinois,2013,40556.0,-0.1,9.116666666666667
Illinois,2014,41112.0,2.2,7.033333333333334
Illinois,2015,43195.0,1.6,5.933333333333333
Illinois,2016,45034.0,-0.2,5.833333333333333
Illinois,2017,45853.0,0.8,4.933333333333334
Illinois,2018,47695.0,2.3,4.283333333333333
Illinois,2019,50417.0,0.5,3.9499999999999997
Illinois,2020,51687.0,-9.9,13.283333333333333
Indiana,1980,7568.0,-5.3,10.266666666666666
Indiana,1981,8176.0,1.2,9.633333333333333
Indiana,1982,8944.0,-5.5,11.883333333333333
Indiana,1983,9370.0,2.4,11.216666666666667
Indiana,1984,9928.0,9.1,8.299999999999999
Indiana,1985,11050.0,1.9,7.8999999999999995
Indiana,1986,11625.0,1.6,6.900000000000001
Indiana,1987,12288.0,3.8,6.3
Indiana,1988,12945.0,5.0,5.266666666666667
Indiana,1989,13824.0,3.6,4.733333333333333
Indiana,1990,14897.0,0.4,5.166666666666667
Indiana,1991,15638.0,0.0,5.95
Indiana,1992,15996.0,6.4,6.8
Indiana,1993,17210.0,3.1,5.349999999999999
Indiana,1994,17892.0,6.1,4.9
Indiana,1995,18753.0,3.1,4.666666666666667
Indiana,1996,19381.0,4.1,4.116666666666666
Indiana,1997,20232.0,4.6,3.5333333333333337
Indiana,1998,21018.0,6.0,3.0
Indiana,1999,22474.0,3.2,3.016666666666667
Indiana,2000,23271.0,4.0,3.15
Indiana,2001,24745.0,-2.0,4.166666666666666
Indiana,2002,25166.0,2.4,5.183333333333334
Indiana,2003,25822.0,3.8,5.433333333333334
Indiana,2004,26499.0,3.4,5.316666666666666
Indiana,2005,27701.0,0.4,5.416666666666667
Indiana,2006,28238.0,2.1,5.1499999999999995
Indiana,2007,29537.0,2.6,4.483333333333333
Indiana,2008,30169.0,-0.3,5.7
Indiana,2009,31436.0,-7.0,10.5
Indiana,2010,31143.0,6.4,10.366666666666665
Indiana,2011,32291.0,0.4,9.2
Indiana,2012,33961.0,0.4,8.299999999999999
Indiana,2013,35648.0,2.1,7.7
Indiana,2014,35669.0,3.2,5.966666666666668
Indiana,2015,37013.0,-0.6,4.75
Indiana,2016,38213.0,1.5,4.466666666666668
Indiana,2017,39077.0,2.0,3.5500000000000003
Indiana,2018,40729.0,2.8,3.5
Indiana,2019,42771.0,1.6,3.266666666666666
Indiana,2020,43952.0,-10.7,10.233333333333333
Iowa,1980,7842.0,-2.6,6.383333333333333
Iowa,1981,8340.0,3.0,6.3999999999999995
Iowa,1982,9466.0,-6.6,8.516666666666666
Iowa,1983,9892.0,-4.1,8.133333333333333
Iowa,1984,10223.0,5.5,6.8999999999999995
Iowa,1985,11616.0,2.0,7.483333333333333
Iowa,1986,12137.0,-1.3,6.8
Iowa,1987,12738.0,2.3,5.516666666666666
Iowa,1988,13344.0,5.2,4.516666666666667
Iowa,1989,13756.0,3.6,4.216666666666667
Iowa,1990,14909.0,3.0,4.383333333333333
Iowa,1991,15602.0,0.6,4.633333333333334
Iowa,1992,15897.0,4.8,4.466666666666666
Iowa,1993,17013.0,0.1,4.1000000000000005
Iowa,1994,16919.0,8.4,3.4499999999999997
Iowa,1995,18410.0,2.8,3.483333333333333
Iowa,1996,19004.0,5.7,3.533333333333333
Iowa,1997,20634.0,5.4,3.0666666666666664
Iowa,1998,21351.0,0.7,2.716666666666667
Iowa,1999,22269.0,2.1,2.6333333333333333
Iowa,2000,22765.0,4.7,2.5999999999999996
Iowa,2001,24296.0,-1.2,3.266666666666667
Iowa,2002,25013.0,2.8,4.0
Iowa,2003,26045.0,4.0,4.566666666666666
Iowa,2004,26724.0,8.3,4.516666666666667
Iowa,2005,28916.0,2.8,4.233333333333333
Iowa,2006,29515.0,1.5,3.65
Iowa,2007,30986.0,4.4,3.6999999999999997
Iowa,2008,32766.0,-1.8,4.116666666666667
Iowa,2009,34559.0,-2.3,6.566666666666666
Iowa,2010,33926.0,2.7,5.949999999999999
Iowa,2011,34725.0,1.4,5.516666666666667
Iowa,2012,36960.0,3.7,5.033333333333333
Iowa,2013,38660.0,0.0,4.766666666666667
Iowa,2014,38968.0,4.9,4.249999999999999
Iowa,2015,40185.0,3.0,3.733333333333333
Iowa,2016,41379.0,-0.6,3.6666666666666665
Iowa,2017,41573.0,-0.3,3.1333333333333333
Iowa,2018,42659.0,2.3,2.566666666666667
Iowa,2019,45086.0,0.4,2.733333333333334
Iowa,2020,46575.0,-8.4,7.8999999999999995
Kansas,1980,8047.0,-1.2,4.666666666666667
Kansas,1981,8750.0,2.9,4.116666666666666
Kansas,1982,9756.0,-0.9,6.4333333333333345
Kansas,1983,10552.0,0.6,5.75
Kansas,1984,11148.0,4.5,4.866666666666667
Kansas,1985,12314.0,3.8,5.033333333333334
Kansas,1986,12882.0,0.4,5.416666666666665
Kansas,1987,13586.0,3.4,4.816666666666666
Kansas,1988,14021.0,2.6,4.55
Kansas,1989,14675.0,0.8,4.166666666666667
Kansas,1990,15368.0,2.3,4.266666666666667
Kansas,1991,16317.0,1.0,4.383333333333334
Kansas,1992,16817.0,2.9,4.533333333333334
Kansas,1993,17970.0,0.7,5.0
Kansas,1994,18584.0,5.1,4.8500000000000005
Kansas,1995,19210.0,1.2,4.416666666666667
Kansas,1996,19771.0,4.2,4.3
Kansas,1997,20863.0,5.4,3.716666666666667
Kansas,1998,21823.0,3.4,3.5833333333333335
Kansas,1999,22910.0,2.4,3.266666666666667
Kansas,2000,23504.0,2.7,3.5833333333333335
Kansas,2001,24597.0,0.2,4.116666666666666
Kansas,2002,25430.0,1.4,5.083333333333333
Kansas,2003,26055.0,1.6,5.6000000000000005
Kansas,2004,26978.0,0.7,5.449999999999999
Kansas,2005,27682.0,3.4,4.983333333333333
Kansas,2006,28880.0,5.4,4.3500000000000005
Kansas,2007,31520.0,5.2,4.216666666666667
Kansas,2008,33397.0,2.4,4.516666666666667
Kansas,2009,36202.0,-3.7,7.083333333333333
Kansas,2010,35582.0,1.1,7.016666666666667
Kansas,2011,35875.0,2.7,6.449999999999999
Kansas,2012,38428.0,1.4,5.7
Kansas,2013,40739.0,-0.3,5.3500000000000005
Kansas,2014,41236.0,2.7,4.533333333333332
Kansas,2015,42073.0,2.6,4.183333333333334
Kansas,2016,42443.0,3.1,4.066666666666666
Kansas,2017,42511.0,1.3,3.6500000000000004
Kansas,2018,43899.0,2.4,3.2499999999999996
Kansas,2019,46020.0,1.2,3.1166666666666667
Kansas,2020,47898.0,-9.4,8.233333333333333
Kentucky,1980,6631.0,-3.5,8.199999999999998
Kentucky,1981,7209.0,2.7,8.299999999999999
Kentucky,1982,7961.0,-3.6,10.75
Kentucky,1983,8475.0,0.1,11.616666666666667
Kentucky,1984,8827.0,7.6,9.333333333333334
Kentucky,1985,9954.0,3.0,9.233333333333333
Kentucky,1986,10334.0,-1.4,9.266666666666666
Kentucky,1987,10644.0,3.7,8.35
Kentucky,1988,11202.0,6.7,7.683333333333334
Kentucky,1989,12246.0,2.2,6.3999999999999995
Kentucky,1990,13084.0,1.3,5.833333333333333
Kentucky,1991,13788.0,0.9,7.383333333333333
Kentucky,1992,14521.0,5.6,6.866666666666666
Kentucky,1993,15474.0,3.0,6.333333333333333
Kentucky,1994,15868.0,6.1,5.366666666666667
Kentucky,1995,16478.0,3.5,5.516666666666667
Kentucky,1996,17035.0,3.7,5.283333333333334
Kentucky,1997,17882.0,6.0,5.3500000000000005
Kentucky,1998,18729.0,2.9,4.6499999999999995
Kentucky,1999,19623.0,3.1,4.55
Kentucky,2000,20309.0,-2.6,4.116666666666666
Kentucky,2001,21818.0,0.0,5.116666666666666
Kentucky,2002,22424.0,2.6,5.566666666666666
Kentucky,2003,23229.0,2.4,6.266666666666667
Kentucky,2004,23902.0,2.5,5.366666666666667
Kentucky,2005,25279.0,3.3,5.916666666666667
Kentucky,2006,26116.0,2.8,5.7
Kentucky,2007,27383.0,-1.0,5.316666666666666
Kentucky,2008,28197.0,0.2,6.300000000000001
Kentucky,2009,29236.0,-4.0,10.6
Kentucky,2010,29319.0,4.2,10.049999999999999
Kentucky,2011,30161.0,1.1,9.466666666666667
Kentucky,2012,31256.0,1.2,8.166666666666666
Kentucky,2013,32373.0,1.8,8.083333333333334
Kentucky,2014,32282.0,0.2,6.433333333333334
Kentucky,2015,33754.0,1.4,5.233333333333333
Kentucky,2016,35028.0,0.5,5.050000000000001
Kentucky,2017,35480.0,0.6,4.933333333333334
Kentucky,2018,36640.0,1.6,4.366666666666666
Kentucky,2019,38032.0,1.8,4.3
Kentucky,2020,39279.0,-11.2,8.25
Louisiana,1980,6896.0,3.1,6.683333333333334
Louisiana,1981,7747.0,2.7,8.35
Louisiana,1982,8735.0,-3.8,10.216666666666667
Louisiana,1983,9399.0,-1.1,11.883333333333333
Louisiana,1984,9834.0,5.9,9.916666666666666
Louisiana,1985,10499.0,1.8,11.549999999999999
Louisiana,1986,10902.0,-0.2,12.783333333333331
Louisiana,1987,11063.0,0.4,12.033333333333333
Louisiana,1988,11253.0,3.7,10.899999999999999
Louisiana,1989,12068.0,0.0,7.966666666666666
Louisiana,1990,12821.0,2.0,6.05
Louisiana,1991,13875.0,-0.2,7.300000000000001
Louisiana,1992,14554.0,-6.5,8.216666666666667
Louisiana,1993,15517.0,2.3,7.5
Louisiana,1994,16174.0,8.4,7.8500000000000005
Louisiana,1995,17083.0,5.4,6.95
Louisiana,1996,17758.0,1.0,6.616666666666667
Louisiana,1997,18287.0,3.7,6.066666666666666
Louisiana,1998,19017.0,3.4,5.849999999999999
Louisiana,1999,19872.0,2.0,5.050000000000001
Louisiana,2000,20347.0,-2.9,5.216666666666666
Louisiana,2001,21428.0,1.2,5.55
Louisiana,2002,22865.0,2.0,6.1000000000000005
Louisiana,2003,23818.0,3.8,6.616666666666666
Louisiana,2004,24623.0,4.6,5.933333333333333
Louisiana,2005,25596.0,6.2,6.566666666666667
Louisiana,2006,27336.0,-1.0,4.283333333333333
Louisiana,2007,30327.0,-3.6,4.25
Louisiana,2008,32374.0,0.4,4.833333333333333
Louisiana,2009,34002.0,1.5,6.900000000000001
Louisiana,2010,33521.0,3.7,7.983333333333332
Louisiana,2011,34703.0,-5.5,7.783333333333334
Louisiana,2012,35477.0,-0.3,7.066666666666666
Louisiana,2013,36985.0,-3.1,6.8
Louisiana,2014,37053.0,2.8,6.3999999999999995
Louisiana,2015,38652.0,-1.0,6.216666666666668
Louisiana,2016,38966.0,-2.2,6.1000000000000005
Louisiana,2017,38546.0,1.5,5.083333333333333
Louisiana,2018,40032.0,2.7,4.966666666666666
Louisiana,2019,42202.0,2.1,4.716666666666668
Louisiana,2020,43245.0,-11.8,10.666666666666666
Maine,1980,6870.0,1.9,7.783333333333334
Maine,1981,7680.0,0.7,7.116666666666667
Maine,1982,8359.0,1.2,8.4
Maine,1983,9000.0,4.4,8.450000000000001
Maine,1984,9749.0,7.1,6.183333333333333
Maine,1985,10722.0,4.3,5.3999999999999995
Maine,1986,11458.0,4.5,5.3
Maine,1987,12259.0,6.5,4.383333333333334
Maine,1988,13007.0,7.5,3.6666666666666665
Maine,1989,14150.0,2.0,4.133333333333333
Maine,1990,15240.0,-0.9,5.116666666666667
Maine,1991,15759.0,-2.9,7.566666666666667
Maine,1992,16077.0,1.3,7.216666666666668
Maine,1993,16914.0,0.6,7.3
Maine,1994,17435.0,2.6,7.083333333333333
Maine,1995,18081.0,2.5,5.949999999999999
Maine,1996,18859.0,3.0,5.216666666666666
Maine,1997,19716.0,3.9,5.05
Maine,1998,20555.0,2.8,4.466666666666667
Maine,1999,21753.0,4.9,3.983333333333333
Maine,2000,22734.0,4.6,3.316666666666667
Maine,2001,24098.0,1.8,3.9
Maine,2002,25336.0,2.5,4.316666666666666
Maine,2003,26543.0,2.2,5.0
Maine,2004,27909.0,3.5,4.550000000000001
Maine,2005,29258.0,0.1,4.949999999999999
Maine,2006,29624.0,1.3,4.6
Maine,2007,30941.0,-0.5,4.683333333333334
Maine,2008,31884.0,-0.2,5.316666666666667
Maine,2009,33166.0,-1.6,8.216666666666667
Maine,2010,33864.0,1.3,8.1
Maine,2011,34626.0,-1.3,7.899999999999999
Maine,2012,35706.0,-0.4,7.483333333333333
Maine,2013,36499.0,-0.8,6.6499999999999995
Maine,2014,36091.0,1.9,5.616666666666666
Maine,2015,37656.0,0.8,4.3500000000000005
Maine,2016,39062.0,2.2,3.766666666666666
Maine,2017,40007.0,1.6,3.4000000000000004
Maine,2018,41776.0,2.4,3.266666666666667
Maine,2019,43933.0,2.6,2.9499999999999997
Maine,2020,45508.0,-11.5,8.25
Maryland,1980,8762.0,0.4,6.783333333333332
Maryland,1981,9794.0,2.0,7.1499999999999995
Maryland,1982,10706.0,-0.9,8.283333333333333
Maryland,1983,11633.0,4.8,7.0
Maryland,1984,12531.0,6.8,5.383333333333333
Maryland,1985,13712.0,5.7,4.6000000000000005
Maryland,1986,14759.0,4.7,4.566666666666667
Maryland,1987,15697.0,5.3,4.283333333333333
Maryland,1988,16446.0,6.9,4.283333333333333
Maryland,1989,17948.0,2.2,3.85
Maryland,1990,18945.0,1.2,4.366666666666666
Maryland,1991,19835.0,-1.8,6.016666666666667
Maryland,1992,20428.0,0.8,6.833333333333335
Maryland,1993,21306.0,1.7,6.25
Maryland,1994,21916.0,3.7,5.233333333333333
Maryland,1995,22650.0,1.6,5.066666666666666
Maryland,1996,23337.0,2.4,5.0
Maryland,1997,24104.0,4.7,4.949999999999999
Maryland,1998,24837.0,4.8,4.416666666666667
Maryland,1999,26760.0,3.9,3.5499999999999994
Maryland,2000,28126.0,4.1,3.65
Maryland,2001,30221.0,4.0,3.9333333333333336
Maryland,2002,31534.0,3.8,4.4
Maryland,2003,33131.0,2.6,4.449999999999999
Maryland,2004,34628.0,5.0,4.216666666666666
Maryland,2005,36750.0,4.8,4.1499999999999995
Maryland,2006,38135.0,1.8,3.9499999999999997
Maryland,2007,39740.0,0.1,3.4166666666666665
Maryland,2008,40854.0,1.2,4.133333333333334
Maryland,2009,42795.0,-0.3,7.066666666666666
Maryland,2010,43202.0,3.9,7.633333333333334
Maryland,2011,44321.0,2.1,7.283333333333334
Maryland,2012,45948.0,0.2,6.983333333333333
Maryland,2013,47014.0,0.0,6.583333333333333
Maryland,2014,46063.0,1.7,5.833333333333335
Maryland,2015,47459.0,2.7,5.083333333333333
Maryland,2016,49315.0,3.1,4.416666666666667
Maryland,2017,51070.0,1.6,4.216666666666666
Maryland,2018,52730.0,0.8,3.9499999999999997
Maryland,2019,54559.0,1.4,3.6166666666666667
Maryland,2020,56127.0,-8.6,8.4
Massachusetts,1980,8146.0,1.9,5.75
Massachusetts,1981,9133.0,2.4,6.433333333333334
Massachusetts,1982,10061.0,0.4,7.783333333333332
Massachusetts,1983,11153.0,5.9,6.766666666666667
Massachusetts,1984,12090.0,9.3,4.699999999999999
Massachusetts,1985,13618.0,6.0,3.9666666666666663
Massachusetts,1986,14526.0,4.9,3.9666666666666663
Massachusetts,1987,15535.0,6.4,3.1666666666666665
Massachusetts,1988,16636.0,5.9,3.233333333333334
Massachusetts,1989,18427.0,0.5,4.116666666666666
Massachusetts,1990,19309.0,-3.0,6.25
Massachusetts,1991,19865.0,-3.0,8.766666666666666
Massachusetts,1992,20321.0,1.3,8.549999999999999
Massachusetts,1993,21367.0,0.7,6.8999999999999995
Massachusetts,1994,22035.0,4.6,6.016666666666667
Massachusetts,1995,22937.0,3.4,5.316666666666667
Massachusetts,1996,23955.0,5.5,4.383333333333334
Massachusetts,1997,25041.0,5.9,3.9499999999999997
Massachusetts,1998,26170.0,4.1,3.2499999999999996
Massachusetts,1999,27289.0,5.5,3.1999999999999997
Massachusetts,2000,28777.0,8.1,2.6166666666666667
Massachusetts,2001,31120.0,1.3,3.6999999999999993
Massachusetts,2002,32916.0,0.3,5.316666666666666
Massachusetts,2003,34087.0,2.7,5.783333333333334
Massachusetts,2004,35143.0,2.5,5.133333333333333
Massachusetts,2005,37065.0,2.0,4.8
Massachusetts,2006,38350.0,1.7,4.8999999999999995
Massachusetts,2007,41075.0,2.6,4.566666666666666
Massachusetts,2008,42346.0,0.9,5.5
Massachusetts,2009,44187.0,-1.0,8.183333333333334
Massachusetts,2010,44993.0,4.2,8.266666666666667
Massachusetts,2011,46564.0,2.4,7.233333333333333
Massachusetts,2012,47696.0,2.1,6.616666666666667
Massachusetts,2013,49710.0,0.4,6.800000000000001
Massachusetts,2014,48769.0,1.7,5.766666666666667
Massachusetts,2015,50763.0,4.0,4.8
Massachusetts,2016,53647.0,1.5,3.7999999999999994
Massachusetts,2017,55685.0,2.4,3.766666666666666
Massachusetts,2018,58052.0,3.4,3.366666666666667
Massachusetts,2019,61208.0,2.4,2.8833333333333333
Massachusetts,2020,62964.0,-10.1,14.616666666666667
Michigan,1980,8200.0,-9.0,13.133333333333333
Michigan,1981,8898.0,0.0,11.933333333333335
Michigan,1982,9528.0,-6.2,15.166666666666666
Michigan,1983,10105.0,6.8,14.450000000000001
Michigan,1984,10808.0,8.1,11.15
Michigan,1985,11958.0,4.2,10.083333333333334
Michigan,1986,12841.0,1.8,8.933333333333335
Michigan,1987,13596.0,1.1,8.350000000000001
Michigan,1988,13991.0,4.2,7.400000000000001
Michigan,1989,14959.0,1.6,7.1000000000000005
Michigan,1990,15981.0,-2.0,7.3999999999999995
Michigan,1991,16695.0,-1.7,9.266666666666667
Michigan,1992,16996.0,4.3,9.166666666666666
Michigan,1993,17975.0,2.9,7.2
Michigan,1994,18650.0,8.8,5.933333333333334
Michigan,1995,19874.0,0.2,5.3999999999999995
Michigan,1996,20768.0,3.6,4.933333333333333
Michigan,1997,21542.0,4.7,4.166666666666667
Michigan,1998,22466.0,2.3,3.983333333333333
Michigan,1999,23575.0,5.7,3.6833333333333336
Michigan,2000,24686.0,2.0,3.6666666666666665
Michigan,2001,26290.0,-3.3,5.033333333333333
Michigan,2002,26801.0,2.7,6.233333333333333
Michigan,2003,27249.0,1.7,7.3999999999999995
Michigan,2004,28113.0,0.4,7.016666666666667
Michigan,2005,29012.0,1.4,6.666666666666668
Michigan,2006,29493.0,-1.6,7.066666666666667
Michigan,2007,30178.0,-0.6,6.966666666666668
Michigan,2008,30961.0,-5.6,7.866666666666666
Michigan,2009,31816.0,-8.8,14.25
Michigan,2010,31171.0,5.5,12.516666666666666
Michigan,2011,32253.0,2.6,10.516666666666666
Michigan,2012,33777.0,1.8,9.166666666666666
Michigan,2013,35109.0,1.6,8.816666666666668
Michigan,2014,35030.0,1.3,7.283333333333334
Michigan,2015,36655.0,2.6,5.3999999999999995
Michigan,2016,38550.0,2.0,5.0
Michigan,2017,39406.0,1.4,4.533333333333333
Michigan,2018,40750.0,2.3,4.066666666666666
Michigan,2019,42507.0,0.8,4.116666666666666
Michigan,2020,43778.0,-13.0,14.35
Minnesota,1980,8030.0,-0.4,5.966666666666668
Minnesota,1981,8862.0,2.8,5.583333333333333
Minnesota,1982,9725.0,-1.5,8.0
Minnesota,1983,10433.0,3.3,8.016666666666667
Minnesota,1984,11020.0,10.5,6.216666666666666
Minnesota,1985,12586.0,4.0,5.983333333333334
Minnesota,1986,13282.0,0.8,5.483333333333333
Minnesota,1987,14026.0,4.8,5.183333333333334
Minnesota,1988,14728.0,4.0,4.283333333333334
Minnesota,1989,15353.0,3.0,4.333333333333333
Minnesota,1990,16584.0,1.0,4.716666666666666
Minnesota,1991,17342.0,0.0,5.166666666666667
Minnesota,1992,17777.0,5.6,5.1499999999999995
Minnesota,1993,18838.0,0.2,5.033333333333333
Minnesota,1994,19094.0,6.0,3.9499999999999997
Minnesota,1995,20214.0,3.0,3.6833333333333336
Minnesota,1996,21044.0,6.4,4.033333333333332
Minnesota,1997,22188.0,6.1,3.266666666666667
Minnesota,1998,23114.0,5.3,2.6333333333333333
Minnesota,1999,24828.0,3.4,2.8333333333333335
Minnesota,2000,25984.0,6.8,3.1
Minnesota,2001,27619.0,-0.1,3.716666666666667
Minnesota,2002,28672.0,2.3,4.5
Minnesota,2003,29607.0,4.3,4.983333333333333
Minnesota,2004,31151.0,4.2,4.733333333333333
Minnesota,2005,33023.0,2.8,3.983333333333333
Minnesota,2006,33436.0,0.0,3.8666666666666667
Minnesota,2007,34713.0,0.5,4.566666666666667
Minnesota,2008,36262.0,0.8,5.3500000000000005
Minnesota,2009,37462.0,-3.5,7.966666666666666
Minnesota,2010,36693.0,3.5,7.349999999999999
Minnesota,2011,37952.0,2.3,6.583333333333333
Minnesota,2012,39904.0,1.4,5.616666666666667
Minnesota,2013,42157.0,2.3,4.95
Minnesota,2014,41608.0,2.9,4.116666666666666
Minnesota,2015,43629.0,1.5,3.6833333333333336
Minnesota,2016,45131.0,1.6,3.9
Minnesota,2017,45743.0,1.8,3.4000000000000004
Minnesota,2018,47619.0,2.9,2.8833333333333333
Minnesota,2019,49920.0,1.1,3.1999999999999997
Minnesota,2020,51083.0,-10.6,8.033333333333333
Mississippi,1980,5981.0,-1.9,7.483333333333333
Mississippi,1981,6458.0,3.4,8.35
Mississippi,1982,7164.0,-3.2,11.1
Mississippi,1983,7645.0,2.1,12.25
Mississippi,1984,7931.0,6.8,10.549999999999999
Mississippi,1985,8673.0,2.8,10.333333333333334
Mississippi,1986,9089.0,0.2,11.616666666666667
Mississippi,1987,9450.0,6.6,9.916666666666666
Mississippi,1988,9982.0,2.4,8.3
Mississippi,1989,10753.0,0.9,7.716666666666668
Mississippi,1990,11587.0,0.4,7.366666666666667
Mississippi,1991,12165.0,2.2,8.666666666666666
Mississippi,1992,12773.0,5.4,8.25
Mississippi,1993,13634.0,4.4,6.566666666666666
Mississippi,1994,14304.0,6.8,6.25
Mississippi,1995,15231.0,5.0,6.3
Mississippi,1996,15888.0,3.0,5.966666666666668
Mississippi,1997,16655.0,2.8,5.716666666666666
Mississippi,1998,17369.0,2.4,5.3
Mississippi,1999,18202.0,2.7,5.066666666666667
Mississippi,2000,18645.0,0.5,5.45
Mississippi,2001,19552.0,-0.8,5.383333333333333
Mississippi,2002,20600.0,1.2,6.566666666666666
Mississippi,2003,21238.0,4.2,6.449999999999999
Mississippi,2004,22151.0,1.9,6.183333333333334
Mississippi,2005,23465.0,1.9,7.283333333333334
Mississippi,2006,24715.0,2.6,6.433333333333333
Mississippi,2007,25512.0,2.5,6.1000000000000005
Mississippi,2008,26940.0,4.1,6.616666666666667
Mississippi,2009,27842.0,-4.5,9.483333333333333
Mississippi,2010,27788.0,0.3,10.25
Mississippi,2011,28591.0,-1.3,10.1
Mississippi,2012,29774.0,0.9,9.0
Mississippi,2013,30793.0,-0.2,8.549999999999999
Mississippi,2014,31119.0,0.0,7.516666666666667
Mississippi,2015,31779.0,0.5,6.316666666666666
Mississippi,2016,32277.0,0.4,5.833333333333335
Mississippi,2017,32657.0,0.7,5.1000000000000005
Mississippi,2018,33609.0,1.0,4.766666666666667
Mississippi,2019,34890.0,0.6,5.45
Mississippi,2020,35816.0,-10.3,9.983333333333333
Missouri,1980,7592.0,-3.9,7.55
Missouri,1981,8186.0,1.3,7.366666666666667
Missouri,1982,9083.0,-1.2,9.05
Missouri,1983,9672.0,3.2,10.05
Missouri,1984,10511.0,8.6,6.95
Missouri,1985,11645.0,1.5,6.583333333333333
Missouri,1986,12348.0,2.7,6.333333333333332
Missouri,1987,12956.0,3.9,6.3500000000000005
Missouri,1988,13520.0,4.4,5.816666666666666
Missouri,1989,14331.0,2.1,5.483333333333334
Missouri,1990,15257.0,-1.1,5.616666666666667
Missouri,1991,15821.0,1.5,6.599999999999999
Missouri,1992,16509.0,3.0,6.233333333333333
Missouri,1993,17460.0,0.3,6.316666666666666
Missouri,1994,18048.0,7.1,4.916666666666667
Missouri,1995,18904.0,5.1,4.8
Missouri,1996,19673.0,4.1,4.816666666666667
Missouri,1997,20531.0,5.4,4.233333333333333
Missouri,1998,21472.0,1.8,4.233333333333333
Missouri,1999,22305.0,2.9,3.4333333333333336
Missouri,2000,23048.0,2.7,3.483333333333334
Missouri,2001,24432.0,-0.7,4.45
Missouri,2002,25061.0,1.4,5.3999999999999995
Missouri,2003,26056.0,2.5,5.783333333333332
Missouri,2004,27154.0,2.2,5.95
Missouri,2005,28525.0,1.8,5.316666666666666
Missouri,2006,29086.0,0.4,4.833333333333333
Missouri,2007,30389.0,0.0,5.066666666666666
Missouri,2008,31422.0,2.7,6.033333333333334
Missouri,2009,32892.0,-2.5,9.416666666666666
Missouri,2010,33003.0,1.6,9.533333333333333
Missouri,2011,33558.0,-1.0,8.533333333333333
Missouri,2012,34576.0,1.0,6.899999999999999
Missouri,2013,36248.0,1.0,6.75
Missouri,2014,36089.0,0.5,6.116666666666666
Missouri,2015,37341.0,1.3,5.016666666666667
Missouri,2016,38341.0,0.0,4.7
Missouri,2017,39400.0,1.1,3.7000000000000006
Missouri,2018,40484.0,1.9,3.1
Missouri,2019,42209.0,1.0,3.1833333333333336
Missouri,2020,43551.0,-10.4,7.816666666666666
Montana,1980,7275.0,0.3,6.216666666666666
Montana,1981,8037.0,3.9,6.733333333333333
Montana,1982,9093.0,-4.4,8.566666666666668
Montana,1983,9586.0,0.1,8.700000000000001
Montana,1984,9993.0,0.6,7.6000000000000005
Montana,1985,10519.0,-2.6,7.616666666666667
Montana,1986,10650.0,-0.8,7.933333333333333
Montana,1987,11302.0,0.7,7.416666666666667
Montana,1988,11635.0,-0.9,6.699999999999999
Montana,1989,11972.0,4.1,5.816666666666667
Montana,1990,13121.0,1.8,5.95
Montana,1991,13806.0,2.5,6.866666666666666
Montana,1992,14625.0,5.3,6.783333333333334
Montana,1993,15208.0,4.3,6.083333333333333
Montana,1994,16108.0,3.7,5.133333333333334
Montana,1995,16162.0,0.6,5.666666666666665
Montana,1996,16760.0,1.7,5.316666666666666
Montana,1997,17326.0,3.2,5.383333333333333
Montana,1998,17918.0,4.4,5.5
Montana,1999,19081.0,0.4,5.233333333333333
Montana,2000,19313.0,2.6,4.983333333333333
Montana,2001,20389.0,0.6,4.533333333333333
Montana,2002,21183.0,3.0,4.366666666666667
Montana,2003,22063.0,4.1,4.716666666666667
Montana,2004,23681.0,4.3,4.766666666666667
Montana,2005,25415.0,5.0,4.383333333333334
Montana,2006,26838.0,3.8,3.533333333333333
Montana,2007,28593.0,5.0,3.5833333333333335
Montana,2008,30159.0,-0.7,5.016666666666667
Montana,2009,31495.0,-1.8,6.833333333333333
Montana,2010,31256.0,3.1,7.266666666666667
Montana,2011,32842.0,2.3,7.0
Montana,2012,34580.0,1.3,6.016666666666666
Montana,2013,36387.0,0.9,5.433333333333333
Montana,2014,35975.0,2.0,4.6499999999999995
Montana,2015,37342.0,4.1,4.2
Montana,2016,38846.0,-1.0,4.150000000000001
Montana,2017,39283.0,2.0,3.983333333333333
Montana,2018,41346.0,2.5,3.6333333333333333
Montana,2019,43226.0,2.8,3.5
Montana,2020,44513.0,-9.9,7.6166666666666645
Nebraska,1980,7750.0,-1.1,4.1000000000000005
Nebraska,1981,8239.0,5.7,4.166666666666667
Nebraska,1982,9615.0,-2.4,5.716666666666668
Nebraska,1983,10162.0,-2.4,5.5
Nebraska,1984,10760.0,7.5,4.416666666666667
Nebraska,1985,12089.0,3.5,5.216666666666667
Nebraska,1986,12759.0,-1.8,4.949999999999999
Nebraska,1987,13216.0,0.3,4.45
Nebraska,1988,13848.0,5.7,3.5833333333333335
Nebraska,1989,14753.0,3.0,2.966666666666667
Nebraska,1990,15529.0,4.3,2.3000000000000003
Nebraska,1991,16527.0,3.2,2.6666666666666665
Nebraska,1992,17022.0,4.9,2.9
Nebraska,1993,17956.0,0.3,2.75
Nebraska,1994,18375.0,8.1,2.6166666666666667
Nebraska,1995,19372.0,1.6,2.6666666666666665
Nebraska,1996,20137.0,5.8,2.7499999999999996
Nebraska,1997,21703.0,2.1,2.4833333333333334
Nebraska,1998,21968.0,2.3,2.5500000000000003
Nebraska,1999,23287.0,2.0,2.8000000000000003
Nebraska,2000,24248.0,3.7,2.8166666666666664
Nebraska,2001,25481.0,2.3,3.0999999999999996
Nebraska,2002,26686.0,1.6,3.6500000000000004
Nebraska,2003,27489.0,5.5,4.0
Nebraska,2004,29352.0,2.4,3.8166666666666664
Nebraska,2005,30530.0,3.4,3.7999999999999994
Nebraska,2006,31194.0,2.8,3.1
Nebraska,2007,32139.0,2.2,3.033333333333333
Nebraska,2008,34246.0,0.5,3.283333333333333
Nebraska,2009,36030.0,0.3,4.733333333333333
Nebraska,2010,35965.0,3.7,4.583333333333333
Nebraska,2011,37353.0,5.0,4.416666666666667
Nebraska,2012,41304.0,-0.1,4.0
Nebraska,2013,42116.0,1.3,3.783333333333333
Nebraska,2014,41844.0,3.3,3.266666666666667
Nebraska,2015,43881.0,3.1,3.0500000000000003
Nebraska,2016,45519.0,0.8,3.0833333333333335
Nebraska,2017,44424.0,1.9,2.9
Nebraska,2018,45492.0,1.2,2.9
Nebraska,2019,47663.0,2.0,3.0833333333333335
Nebraska,2020,49035.0,-9.7,5.316666666666666
Nevada,1980,9597.0,2.8,6.366666666666667
Nevada,1981,10547.0,4.2,6.916666666666667
Nevada,1982,11428.0,-1.1,9.966666666666667
Nevada,1983,11839.0,3.2,9.616666666666665
Nevada,1984,12425.0,4.6,7.866666666666667
Nevada,1985,13219.0,4.2,7.766666666666667
Nevada,1986,13853.0,5.6,6.1000000000000005
Nevada,1987,14478.0,6.6,6.1000000000000005
Nevada,1988,15087.0,8.8,5.216666666666666
Nevada,1989,16250.0,7.6,4.7
Nevada,1990,17297.0,8.1,4.6499999999999995
Nevada,1991,18027.0,2.2,5.816666666666666
Nevada,1992,18841.0,7.6,6.666666666666667
Nevada,1993,19987.0,8.5,6.949999999999999
Nevada,1994,20627.0,9.7,6.166666666666667
Nevada,1995,21570.0,5.8,5.533333333333334
Nevada,1996,22487.0,9.1,5.066666666666666
Nevada,1997,23367.0,6.7,4.333333333333334
Nevada,1998,24183.0,5.4,4.25
Nevada,1999,25590.0,6.9,4.116666666666666
Nevada,2000,26445.0,4.2,4.116666666666666
Nevada,2001,27756.0,1.2,5.083333333333333
Nevada,2002,28363.0,3.3,5.583333333333333
Nevada,2003,28607.0,4.5,5.1499999999999995
Nevada,2004,29712.0,11.0,4.283333333333333
Nevada,2005,31476.0,8.6,4.133333333333333
Nevada,2006,33735.0,4.2,4.083333333333333
Nevada,2007,35297.0,-0.2,4.45
Nevada,2008,35692.0,-4.0,6.516666666666667
Nevada,2009,34778.0,-8.3,11.4
Nevada,2010,33046.0,1.4,13.566666666666668
Nevada,2011,34134.0,0.7,13.083333333333334
Nevada,2012,35143.0,-1.5,11.183333333333335
Nevada,2013,36042.0,0.4,9.633333333333333
Nevada,2014,35187.0,0.8,7.883333333333333
Nevada,2015,37391.0,4.2,6.766666666666667
Nevada,2016,39772.0,2.8,5.683333333333334
Nevada,2017,40352.0,3.6,5.0
Nevada,2018,42719.0,4.2,4.433333333333333
Nevada,2019,45169.0,2.7,3.8833333333333333
Nevada,2020,46114.0,-13.9,18.45
New Hampshire,1980,7848.0,2.6,4.783333333333333
New Hampshire,1981,8884.0,4.1,5.0166666666666675
New Hampshire,1982,9909.0,2.0,6.883333333333333
New Hampshire,1983,10904.0,6.4,5.416666666666667
New Hampshire,1984,11834.0,12.1,4.3
New Hampshire,1985,13166.0,9.1,3.75
New Hampshire,1986,14096.0,6.7,2.75
New Hampshire,1987,15055.0,11.4,2.316666666666667
New Hampshire,1988,16169.0,6.2,2.4166666666666665
New Hampshire,1989,17464.0,-0.1,3.4
New Hampshire,1990,18361.0,-3.6,5.6499999999999995
New Hampshire,1991,18456.0,0.6,7.383333333333333
New Hampshire,1992,19271.0,3.9,7.3500000000000005
New Hampshire,1993,20105.0,1.2,6.016666666666666
New Hampshire,1994,20463.0,4.4,4.683333333333334
New Hampshire,1995,21614.0,7.5,3.9999999999999996
New Hampshire,1996,22560.0,7.7,3.8833333333333333
New Hampshire,1997,23331.0,6.0,3.3666666666666667
New Hampshire,1998,24472.0,6.6,2.8000000000000003
New Hampshire,1999,26533.0,2.8,2.6666666666666665
New Hampshire,2000,27767.0,6.9,2.6833333333333336
New Hampshire,2001,30554.0,1.3,3.4333333333333336
New Hampshire,2002,32275.0,2.8,4.5
New Hampshire,2003,33378.0,4.3,4.3500000000000005
New Hampshire,2004,34131.0,3.1,3.716666666666667
New Hampshire,2005,36029.0,1.3,3.6
New Hampshire,2006,36846.0,2.5,3.4166666666666665
New Hampshire,2007,38959.0,-0.4,3.5
New Hampshire,2008,39971.0,-1.1,3.716666666666667
New Hampshire,2009,41009.0,-0.8,6.449999999999999
New Hampshire,2010,41366.0,3.2,5.783333333333334
New Hampshire,2011,42940.0,0.6,5.416666666666667
New Hampshire,2012,44399.0,1.2,5.516666666666667
New Hampshire,2013,46515.0,0.7,5.05
New Hampshire,2014,45804.0,2.0,4.283333333333332
New Hampshire,2015,47365.0,2.8,3.3666666666666667
New Hampshire,2016,48728.0,2.2,2.8833333333333333
New Hampshire,2017,50363.0,1.7,2.6999999999999997
New Hampshire,2018,52607.0,2.6,2.5500000000000003
New Hampshire,2019,55301.0,1.4,2.55
New Hampshire,2020,57022.0,-11.4,10.383333333333335
New Jersey,1980,9068.0,0.0,7.383333333333334
New Jersey,1981,10176.0,2.6,7.300000000000001
New Jersey,1982,11292.0,0.2,8.65
New Jersey,1983,12173.0,7.0,8.083333333333332
New Jersey,1984,13221.0,8.0,6.166666666666667
New Jersey,1985,14609.0,5.2,5.6000000000000005
New Jersey,1986,15407.0,4.7,5.083333333333333
New Jersey,1987,16349.0,6.9,4.133333333333334
New Jersey,1988,17353.0,7.4,3.8000000000000003
New Jersey,1989,19170.0,1.4,4.05
New Jersey,1990,20554.0,0.7,4.9
New Jersey,1991,21556.0,-0.3,6.633333333333333
New Jersey,1992,21919.0,1.7,8.583333333333334
New Jersey,1993,23410.0,1.1,7.583333333333332
New Jersey,1994,23904.0,2.1,6.833333333333335
New Jersey,1995,24445.0,2.4,6.466666666666666
New Jersey,1996,25794.0,4.4,6.1000000000000005
New Jersey,1997,26870.0,3.2,5.216666666666666
New Jersey,1998,28153.0,1.8,4.533333333333333
New Jersey,1999,29445.0,3.5,4.716666666666667
New Jersey,2000,30365.0,5.4,3.6666666666666665
New Jersey,2001,32913.0,0.7,4.1499999999999995
New Jersey,2002,33925.0,2.2,5.8
New Jersey,2003,35283.0,2.6,5.933333333333333
New Jersey,2004,36404.0,1.6,4.8500000000000005
New Jersey,2005,38050.0,1.2,4.333333333333333
New Jersey,2006,38884.0,2.1,4.816666666666666
New Jersey,2007,41554.0,0.5,4.233333333333333
New Jersey,2008,43364.0,1.2,5.183333333333333
New Jersey,2009,44564.0,-4.1,9.25
New Jersey,2010,44532.0,1.1,9.45
New Jersey,2011,45545.0,-1.1,9.366666666666667
New Jersey,2012,46910.0,1.7,9.416666666666666
New Jersey,2013,48852.0,1.4,8.299999999999999
New Jersey,2014,48478.0,-0.5,6.666666666666667
New Jersey,2015,50789.0,2.1,5.783333333333334
New Jersey,2016,52628.0,1.0,5.05
New Jersey,2017,54166.0,0.1,4.633333333333333
New Jersey,2018,56148.0,1.5,4.05
New Jersey,2019,58881.0,1.4,3.4000000000000004
New Jersey,2020,61086.0,-11.2,13.416666666666666
New Mexico,1980,7078.0,3.3,7.683333333333334
New Mexico,1981,7779.0,1.4,7.150000000000001
New Mexico,1982,8540.0,-1.6,9.383333333333335
New Mexico,1983,9125.0,1.7,9.733333333333333
New Mexico,1984,9825.0,4.8,7.616666666666667
New Mexico,1985,10594.0,3.7,8.35
New Mexico,1986,11266.0,-0.9,9.483333333333334
New Mexico,1987,11572.0,0.2,8.666666666666666
New Mexico,1988,11805.0,2.0,7.483333333333333
New Mexico,1989,12383.0,2.2,6.699999999999999
New Mexico,1990,13082.0,2.3,6.483333333333334
New Mexico,1991,13793.0,11.4,7.183333333333334
New Mexico,1992,14484.0,5.9,7.1499999999999995
New Mexico,1993,15202.0,10.7,7.033333333333332
New Mexico,1994,15899.0,12.2,6.433333333333333
New Mexico,1995,16479.0,1.7,6.516666666666667
New Mexico,1996,17341.0,4.4,7.283333333333334
New Mexico,1997,17805.0,9.1,6.25
New Mexico,1998,18381.0,-0.5,6.1000000000000005
New Mexico,1999,19093.0,5.4,5.6000000000000005
New Mexico,2000,19342.0,1.8,4.8999999999999995
New Mexico,2001,20753.0,0.1,4.8500000000000005
New Mexico,2002,22025.0,3.1,5.583333333333333
New Mexico,2003,23037.0,3.8,5.8999999999999995
New Mexico,2004,23977.0,7.4,5.466666666666666
New Mexico,2005,25177.0,1.2,5.133333333333333
New Mexico,2006,26271.0,2.5,4.2
New Mexico,2007,27568.0,0.7,3.6999999999999997
New Mexico,2008,28666.0,-0.6,4.3
New Mexico,2009,30321.0,2.0,7.766666666666666
New Mexico,2010,30123.0,-0.7,8.233333333333333
New Mexico,2011,31017.0,0.2,7.466666666666668
New Mexico,2012,32107.0,0.5,7.033333333333334
New Mexico,2013,32837.0,-1.2,6.916666666666667
New Mexico,2014,31934.0,3.2,6.683333333333334
New Mexico,2015,33878.0,2.6,6.516666666666667
New Mexico,2016,34863.0,0.0,6.666666666666667
New Mexico,2017,35548.0,0.1,5.8500000000000005
New Mexico,2018,36280.0,2.3,4.816666666666667
New Mexico,2019,38127.0,5.2,4.866666666666667
New Mexico,2020,39493.0,-9.1,10.483333333333333
New York,1980,8442.0,0.0,7.566666666666666
New York,1981,9409.0,1.8,7.5
New York,1982,10400.0,0.7,8.383333333333333
New York,1983,11268.0,2.1,8.783333333333331
New York,1984,12290.0,6.0,7.2
New York,1985,13587.0,2.7,6.6000000000000005
New York,1986,14409.0,2.6,6.333333333333333
New York,1987,15338.0,4.3,4.816666666666666
New York,1988,16160.0,5.8,4.183333333333334
New York,1989,17865.0,-0.2,4.983333333333334
New York,1990,19156.0,0.3,5.216666666666667
New York,1991,20644.0,-3.1,7.3
New York,1992,20645.0,1.4,8.75
New York,1993,21711.0,0.5,7.816666666666666
New York,1994,22080.0,1.4,6.933333333333334
New York,1995,22662.0,2.1,6.366666666666666
New York,1996,23746.0,4.1,6.233333333333333
New York,1997,24705.0,4.8,6.499999999999999
New York,1998,25810.0,1.9,5.55
New York,1999,26904.0,5.1,5.25
New York,2000,28132.0,3.7,4.566666666666666
New York,2001,30003.0,2.1,4.683333333333334
New York,2002,30616.0,-0.8,6.116666666666667
New York,2003,31740.0,0.3,6.433333333333334
New York,2004,32440.0,2.5,5.8
New York,2005,33755.0,3.4,4.983333333333333
New York,2006,34732.0,2.5,4.6000000000000005
New York,2007,37008.0,0.6,4.566666666666666
New York,2008,39320.0,-2.1,5.316666666666667
New York,2009,40095.0,3.7,8.466666666666667
New York,2010,41003.0,3.8,8.549999999999999
New York,2011,42251.0,0.2,8.233333333333333
New York,2012,43818.0,4.2,8.6
New York,2013,46227.0,0.2,7.75
New York,2014,45683.0,1.7,6.3
New York,2015,47391.0,1.8,5.233333333333333
New York,2016,49147.0,1.9,4.883333333333333
New York,2017,51545.0,1.9,4.733333333333333
New York,2018,55294.0,3.0,4.066666666666666
New York,2019,57874.0,1.6,3.933333333333333
New York,2020,60359.0,-12.1,13.916666666666666
North Carolina,1980,6638.0,0.4,6.800000000000001
North Carolina,1981,7320.0,3.5,5.800000000000001
North Carolina,1982,8154.0,-2.1,9.133333333333333
North Carolina,1983,8762.0,5.1,9.083333333333332
North Carolina,1984,9411.0,8.6,6.716666666666666
North Carolina,1985,10535.0,6.3,5.550000000000001
North Carolina,1986,11179.0,3.9,5.366666666666667
North Carolina,1987,11920.0,4.7,4.466666666666668
North Carolina,1988,12591.0,5.8,3.5333333333333337
North Carolina,1989,13707.0,3.3,3.5833333333333335
North Carolina,1990,14661.0,0.6,4.0
North Carolina,1991,15425.0,0.1,5.883333333333333
North Carolina,1992,15926.0,5.5,6.083333333333333
North Carolina,1993,17103.0,3.2,5.0
North Carolina,1994,17824.0,7.4,4.3999999999999995
North Carolina,1995,18521.0,4.9,4.3500000000000005
North Carolina,1996,19386.0,3.9,4.283333333333332
North Carolina,1997,20244.0,7.0,3.733333333333333
North Carolina,1998,21205.0,3.5,3.4499999999999997
North Carolina,1999,22090.0,5.5,3.1833333333333336
North Carolina,2000,22821.0,3.5,3.65
North Carolina,2001,23864.0,0.8,5.433333333333333
North Carolina,2002,24207.0,1.4,6.583333333333333
North Carolina,2003,24729.0,2.4,6.516666666666667
North Carolina,2004,25700.0,3.5,5.400000000000001
North Carolina,2005,27538.0,4.8,5.283333333333333
North Carolina,2006,28797.0,6.3,4.8
North Carolina,2007,30490.0,1.2,4.666666666666667
North Carolina,2008,31955.0,2.3,5.783333333333332
North Carolina,2009,33629.0,-4.3,10.633333333333333
North Carolina,2010,32669.0,1.5,10.733333333333334
North Carolina,2011,32444.0,1.0,10.366666666666667
North Carolina,2012,33027.0,0.3,9.300000000000002
North Carolina,2013,35192.0,1.3,7.966666666666668
North Carolina,2014,34101.0,2.3,6.333333333333333
North Carolina,2015,35785.0,3.1,5.800000000000001
North Carolina,2016,37074.0,1.7,5.033333333333334
North Carolina,2017,37887.0,2.4,4.416666666666667
North Carolina,2018,39468.0,2.6,3.933333333333333
North Carolina,2019,41254.0,1.9,3.9166666666666665
North Carolina,2020,42567.0,-9.5,9.25
North Dakota,1980,7565.0,-3.8,5.133333333333333
North Dakota,1981,7077.0,15.0,4.766666666666667
North Dakota,1982,9218.0,-3.8,5.566666666666666
North Dakota,1983,10032.0,-1.9,5.633333333333333
North Dakota,1984,10503.0,2.3,5.283333333333334
North Dakota,1985,11322.0,0.6,5.6499999999999995
North Dakota,1986,11775.0,-6.8,5.933333333333334
North Dakota,1987,12141.0,2.6,4.933333333333334
North Dakota,1988,12601.0,-8.0,4.7
North Dakota,1989,11669.0,5.9,4.3
North Dakota,1990,13292.0,3.4,4.016666666666667
North Dakota,1991,14590.0,-0.3,4.3999999999999995
North Dakota,1992,14795.0,8.1,4.8
North Dakota,1993,16256.0,-1.3,4.3
North Dakota,1994,16303.0,7.6,3.6666666666666665
North Dakota,1995,17688.0,1.9,3.2166666666666663
North Dakota,1996,17530.0,7.7,2.8833333333333333
North Dakota,1997,19626.0,0.0,2.8000000000000003
North Dakota,1998,19052.0,5.6,2.8666666666666667
North Dakota,1999,21058.0,0.1,3.3000000000000003
North Dakota,2000,21462.0,3.8,2.9333333333333336
North Dakota,2001,23442.0,1.7,2.8666666666666667
North Dakota,2002,23875.0,5.3,3.7833333333333337
North Dakota,2003,24868.0,6.0,3.733333333333333
North Dakota,2004,27276.0,0.9,3.4
North Dakota,2005,27534.0,3.2,3.4
North Dakota,2006,28915.0,4.1,3.216666666666667
North Dakota,2007,29859.0,4.7,3.1
North Dakota,2008,32758.0,7.9,3.1333333333333333
North Dakota,2009,36262.0,2.9,4.166666666666667
North Dakota,2010,36335.0,7.6,3.766666666666666
North Dakota,2011,39669.0,11.1,3.5
North Dakota,2012,42977.0,22.3,3.033333333333333
North Dakota,2013,49457.0,1.5,2.9000000000000004
North Dakota,2014,47460.0,8.0,2.65
North Dakota,2015,49696.0,-2.6,2.8000000000000003
North Dakota,2016,47919.0,-7.1,3.133333333333333
North Dakota,2017,46620.0,0.3,2.6166666666666667
North Dakota,2018,47619.0,4.3,2.5833333333333335
North Dakota,2019,50625.0,0.9,2.3833333333333333
North Dakota,2020,51782.0,-8.1,6.933333333333334
Ohio,1980,7871.0,-4.2,8.95
Ohio,1981,8646.0,1.0,9.066666666666668
Ohio,1982,9365.0,-5.0,12.616666666666667
Ohio,1983,9952.0,4.0,12.466666666666663
Ohio,1984,10560.0,8.7,9.4
Ohio,1985,11737.0,3.6,8.950000000000001
Ohio,1986,12423.0,0.9,8.333333333333334
Ohio,1987,13034.0,2.9,7.1000000000000005
Ohio,1988,13511.0,3.8,6.0
Ohio,1989,14519.0,2.1,5.5
Ohio,1990,15494.0,1.1,5.550000000000001
Ohio,1991,16380.0,-0.7,6.466666666666666
Ohio,1992,16690.0,4.7,7.516666666666667
Ohio,1993,17695.0,0.9,6.55
Ohio,1994,18259.0,6.0,5.666666666666667
Ohio,1995,19163.0,3.5,4.866666666666667
Ohio,1996,19937.0,3.4,4.949999999999999
Ohio,1997,20641.0,5.5,4.516666666666666
Ohio,1998,21713.0,3.5,4.3
Ohio,1999,22825.0,2.3,4.35
Ohio,2000,23568.0,2.1,4.05
Ohio,2001,24721.0,-1.4,4.1499999999999995
Ohio,2002,25406.0,2.4,5.75
Ohio,2003,26214.0,1.6,6.366666666666667
Ohio,2004,27219.0,2.3,6.25
Ohio,2005,28262.0,1.8,5.8500000000000005
Ohio,2006,28869.0,-0.5,5.416666666666667
Ohio,2007,30161.0,0.0,5.550000000000001
Ohio,2008,31263.0,-1.6,6.366666666666667
Ohio,2009,32372.0,-5.0,10.5
Ohio,2010,32221.0,2.7,10.15
Ohio,2011,33036.0,3.1,9.0
Ohio,2012,34938.0,0.8,7.300000000000001
Ohio,2013,36385.0,1.8,7.516666666666667
Ohio,2014,36573.0,3.8,5.75
Ohio,2015,38105.0,1.5,4.866666666666666
Ohio,2016,39471.0,0.9,5.016666666666667
Ohio,2017,40228.0,1.3,5.016666666666667
Ohio,2018,41788.0,2.3,4.5
Ohio,2019,43646.0,1.5,4.133333333333333
Ohio,2020,44867.0,-10.8,11.466666666666667
Oklahoma,1980,7517.0,4.7,4.8500000000000005
Oklahoma,1981,8399.0,5.8,3.4
Oklahoma,1982,9492.0,2.9,5.8
Oklahoma,1983,10157.0,-4.8,8.55
Oklahoma,1984,10470.0,4.7,7.0
Oklahoma,1985,11354.0,1.6,7.133333333333334
Oklahoma,1986,11869.0,-5.2,8.5
Oklahoma,1987,12279.0,-1.7,7.199999999999999
Oklahoma,1988,12241.0,4.8,6.416666666666667
Oklahoma,1989,12936.0,0.3,5.633333333333333
Oklahoma,1990,13754.0,0.5,5.533333333333332
Oklahoma,1991,14319.0,0.5,6.3
Oklahoma,1992,14774.0,2.4,5.999999999999999
Oklahoma,1993,15567.0,2.5,6.050000000000001
Oklahoma,1994,16032.0,2.3,5.616666666666666
Oklahoma,1995,16561.0,2.0,4.6000000000000005
Oklahoma,1996,17118.0,4.9,3.9499999999999997
Oklahoma,1997,17883.0,4.6,4.083333333333333
Oklahoma,1998,18590.0,2.2,4.383333333333333
Oklahoma,1999,19365.0,1.6,3.4500000000000006
Oklahoma,2000,19679.0,3.7,3.0666666666666664
Oklahoma,2001,21196.0,3.6,3.6
Oklahoma,2002,22408.0,1.8,4.566666666666667
Oklahoma,2003,23254.0,1.4,5.566666666666666
Oklahoma,2004,24439.0,3.1,4.816666666666666
Oklahoma,2005,26292.0,4.2,4.483333333333333
Oklahoma,2006,28279.0,6.8,3.983333333333333
Oklahoma,2007,30855.0,1.9,4.1499999999999995
Oklahoma,2008,31427.0,3.9,3.6333333333333333
Oklahoma,2009,34584.0,-1.3,6.533333333333334
Oklahoma,2010,32485.0,0.1,6.766666666666667
Oklahoma,2011,33595.0,3.6,5.866666666666666
Oklahoma,2012,35410.0,4.9,5.2
Oklahoma,2013,37678.0,2.1,5.316666666666667
Oklahoma,2014,39041.0,5.3,4.466666666666668
Oklahoma,2015,41281.0,3.7,4.433333333333334
Oklahoma,2016,39935.0,-2.7,4.883333333333333
Oklahoma,2017,37904.0,0.0,4.2
Oklahoma,2018,39713.0,2.7,3.3666666666666667
Oklahoma,2019,41700.0,2.4,3.2500000000000004
Oklahoma,2020,43031.0,-10.6,8.633333333333333
Oregon,1980,8135.0,-0.7,9.000000000000002
Oregon,1981,8850.0,-2.7,9.583333333333334
Oregon,1982,9494.0,-5.3,11.466666666666667
Oregon,1983,9809.0,1.1,10.75
Oregon,1984,10585.0,6.2,9.333333333333334
Oregon,1985,11467.0,2.4,8.816666666666665
Oregon,1986,11967.0,2.0,8.233333333333333
Oregon,1987,12479.0,3.3,6.183333333333334
Oregon,1988,13036.0,6.3,5.800000000000001
Oregon,1989,14160.0,2.8,5.433333333333333
Oregon,1990,15011.0,4.2,5.5
Oregon,1991,15965.0,1.7,6.283333333333334
Oregon,1992,16349.0,3.9,7.366666666666666
Oregon,1993,17116.0,5.9,7.183333333333333
Oregon,1994,17869.0,6.0,5.3999999999999995
Oregon,1995,18691.0,6.5,4.883333333333333
Oregon,1996,19747.0,14.1,5.699999999999999
Oregon,1997,20791.0,7.4,5.616666666666667
Oregon,1998,21514.0,4.7,5.783333333333334
Oregon,1999,22454.0,2.2,5.55
Oregon,2000,22954.0,8.6,5.1499999999999995
Oregon,2001,24364.0,-0.8,6.349999999999999
Oregon,2002,25093.0,2.2,7.349999999999999
Oregon,2003,25586.0,4.2,8.333333333333334
Oregon,2004,26439.0,5.1,7.300000000000001
Oregon,2005,27764.0,3.6,6.216666666666666
Oregon,2006,28462.0,6.0,5.316666666666666
Oregon,2007,30494.0,1.8,5.15
Oregon,2008,31624.0,1.6,6.199999999999999
Oregon,2009,32497.0,-4.2,11.583333333333334
Oregon,2010,31978.0,1.5,10.65
Oregon,2011,32433.0,2.9,9.5
Oregon,2012,33532.0,0.3,8.816666666666668
Oregon,2013,35197.0,0.8,7.8500000000000005
Oregon,2014,35061.0,3.4,6.783333333333332
Oregon,2015,37229.0,5.6,5.616666666666666
Oregon,2016,39281.0,4.8,4.8999999999999995
Oregon,2017,40412.0,4.2,4.1000000000000005
Oregon,2018,42469.0,4.6,3.966666666666667
Oregon,2019,45058.0,2.8,3.75
Oregon,2020,46369.0,-10.1,11.283333333333333
Pennsylvania,1980,7942.0,-2.4,8.383333333333335
Pennsylvania,1981,8717.0,0.4,8.216666666666667
Pennsylvania,1982,9566.0,-3.8,11.066666666666668
Pennsylvania,1983,10323.0,2.8,11.6
Pennsylvania,1984,10957.0,5.5,9.083333333333334
Pennsylvania,1985,11861.0,2.4,8.049999999999999
Pennsylvania,1986,12598.0,1.9,6.933333333333334
Pennsylvania,1987,13261.0,5.5,5.633333333333334
Pennsylvania,1988,13928.0,4.9,5.05
Pennsylvania,1989,15089.0,1.6,4.633333333333334
Pennsylvania,1990,16269.0,1.5,5.333333333333333
Pennsylvania,1991,17218.0,0.3,7.083333333333333
Pennsylvania,1992,17920.0,3.0,7.683333333333334
Pennsylvania,1993,18804.0,1.6,7.033333333333332
Pennsylvania,1994,19421.0,2.8,6.283333333333334
Pennsylvania,1995,19970.0,3.3,5.883333333333333
Pennsylvania,1996,20751.0,2.6,5.383333333333334
Pennsylvania,1997,21643.0,3.7,5.183333333333334
Pennsylvania,1998,22571.0,2.7,4.6000000000000005
Pennsylvania,1999,23651.0,2.9,4.433333333333334
Pennsylvania,2000,24603.0,2.5,4.1
Pennsylvania,2001,26271.0,1.2,4.766666666666667
Pennsylvania,2002,27388.0,0.9,5.583333333333333
Pennsylvania,2003,28446.0,2.2,5.683333333333334
Pennsylvania,2004,29586.0,2.7,5.449999999999999
Pennsylvania,2005,31330.0,1.8,4.949999999999999
Pennsylvania,2006,32294.0,0.7,4.6499999999999995
Pennsylvania,2007,33635.0,3.2,4.3500000000000005
Pennsylvania,2008,35334.0,2.1,5.1499999999999995
Pennsylvania,2009,36555.0,-2.9,8.166666666666666
Pennsylvania,2010,36458.0,2.8,8.433333333333332
Pennsylvania,2011,37863.0,1.4,7.966666666666666
Pennsylvania,2012,39408.0,1.5,7.849999999999999
Pennsylvania,2013,41158.0,1.6,7.366666666666667
Pennsylvania,2014,41124.0,2.4,5.8500000000000005
Pennsylvania,2015,42867.0,2.4,5.3
Pennsylvania,2016,44382.0,1.3,5.45
Pennsylvania,2017,45741.0,0.6,4.833333333333333
Pennsylvania,2018,47149.0,1.9,4.216666666666666
Pennsylvania,2019,49788.0,2.4,4.3500000000000005
Pennsylvania,2020,51461.0,-11.2,12.283333333333333
Rhode Island,1980,7633.0,-0.5,7.333333333333333
Rhode Island,1981,8696.0,2.4,7.683333333333334
Rhode Island,1982,9650.0,-0.3,9.816666666666666
Rhode Island,1983,10441.0,2.9,8.366666666666667
Rhode Island,1984,11306.0,7.0,5.366666666666666
Rhode Island,1985,12388.0,6.5,4.6499999999999995
Rhode Island,1986,13228.0,5.1,4.1000000000000005
Rhode Island,1987,13981.0,4.4,3.6833333333333336
Rhode Island,1988,14631.0,6.9,3.033333333333333
Rhode Island,1989,16122.0,2.7,4.033333333333334
Rhode Island,1990,17474.0,-1.1,6.383333333333333
Rhode Island,1991,17943.0,-3.6,8.616666666666667
Rhode Island,1992,18105.0,1.5,8.966666666666667
Rhode Island,1993,18997.0,1.1,7.716666666666666
Rhode Island,1994,19728.0,0.9,6.883333333333334
Rhode Island,1995,20177.0,2.6,6.383333333333334
Rhode Island,1996,21224.0,1.7,5.3999999999999995
Rhode Island,1997,21751.0,6.3,5.166666666666667
Rhode Island,1998,22700.0,4.4,4.583333333333333
Rhode Island,1999,23978.0,3.0,4.1000000000000005
Rhode Island,2000,24882.0,4.8,4.099999999999999
Rhode Island,2001,26358.0,1.4,4.6
Rhode Island,2002,27613.0,3.7,4.966666666666668
Rhode Island,2003,29217.0,3.7,5.333333333333333
Rhode Island,2004,30893.0,4.5,5.166666666666667
Rhode Island,2005,32462.0,1.4,5.033333333333334
Rhode Island,2006,33148.0,2.3,4.949999999999999
Rhode Island,2007,34792.0,-2.8,5.116666666666666
Rhode Island,2008,36219.0,-3.0,7.75
Rhode Island,2009,36979.0,-0.4,11.166666666666666
Rhode Island,2010,37035.0,2.3,11.266666666666666
Rhode Island,2011,38960.0,-0.2,10.966666666666667
Rhode Island,2012,39965.0,0.7,10.4
Rhode Island,2013,41628.0,0.1,9.283333333333333
Rhode Island,2014,41057.0,0.6,7.6499999999999995
Rhode Island,2015,42729.0,1.8,5.983333333333333
Rhode Island,2016,44198.0,0.1,5.283333333333334
Rhode Island,2017,44744.0,-0.6,4.3999999999999995
Rhode Island,2018,46636.0,0.8,3.9166666666666665
Rhode Island,2019,48345.0,1.0,3.5666666666666664
Rhode Island,2020,50024.0,-10.5,13.633333333333335
South Carolina,1980,6387.0,0.5,7.083333333333333
South Carolina,1981,7064.0,3.4,7.866666666666667
South Carolina,1982,7805.0,-1.7,11.233333333333333
South Carolina,1983,8307.0,6.4,9.799999999999999
South Carolina,1984,8940.0,9.6,6.816666666666666
South Carolina,1985,9900.0,3.6,7.116666666666667
South Carolina,1986,10457.0,4.7,6.400000000000001
South Carolina,1987,11053.0,7.3,5.3999999999999995
South Carolina,1988,11672.0,5.2,4.683333333333334
South Carolina,1989,12646.0,3.3,4.633333333333333
South Carolina,1990,13489.0,3.2,4.75
South Carolina,1991,14299.0,0.9,6.116666666666667
South Carolina,1992,14764.0,3.3,6.7
South Carolina,1993,15538.0,3.6,7.433333333333334
South Carolina,1994,16130.0,5.6,6.233333333333333
South Carolina,1995,16874.0,3.7,5.15
South Carolina,1996,17600.0,3.0,5.866666666666666
South Carolina,1997,18396.0,5.2,4.583333333333333
South Carolina,1998,19187.0,3.7,3.75
South Carolina,1999,20204.0,4.6,4.3
South Carolina,2000,20933.0,2.8,3.733333333333333
South Carolina,2001,22219.0,0.5,5.266666666666667
South Carolina,2002,22792.0,2.4,5.716666666666668
South Carolina,2003,23620.0,3.5,7.016666666666667
South Carolina,2004,24353.0,1.3,6.8500000000000005
South Carolina,2005,25407.0,2.7,6.666666666666665
South Carolina,2006,26306.0,2.3,6.533333333333332
South Carolina,2007,27724.0,2.6,5.6000000000000005
South Carolina,2008,28879.0,-0.1,6.599999999999999
South Carolina,2009,29730.0,-4.4,11.450000000000001
South Carolina,2010,29214.0,1.9,11.033333333333333
South Carolina,2011,29842.0,2.3,10.65
South Carolina,2012,31034.0,0.7,9.249999999999998
South Carolina,2013,32447.0,2.0,7.666666666666667
South Carolina,2014,32272.0,2.7,6.466666666666668
South Carolina,2015,34059.0,3.7,5.966666666666666
South Carolina,2016,35476.0,3.2,5.033333333333333
South Carolina,2017,36376.0,3.1,4.283333333333333
South Carolina,2018,37972.0,3.1,3.366666666666667
South Carolina,2019,39630.0,2.8,2.8166666666666664
South Carolina,2020,40945.0,-11.3,9.016666666666667
South Dakota,1980,7560.0,-4.5,4.983333333333333
South Dakota,1981,7511.0,6.0,4.866666666666667
South Dakota,1982,8789.0,-2.9,5.5
South Dakota,1983,9198.0,-0.6,5.2
South Dakota,1984,9670.0,7.8,4.349999999999999
South Dakota,1985,11048.0,3.8,4.866666666666667
South Dakota,1986,11284.0,1.3,4.583333333333333
South Dakota,1987,11822.0,2.1,4.183333333333334
South Dakota,1988,12410.0,0.8,4.033333333333333
South Dakota,1989,12909.0,1.7,4.066666666666666
South Dakota,1990,13863.0,5.3,3.8000000000000003
South Dakota,1991,15115.0,4.9,3.5
South Dakota,1992,15618.0,5.6,3.316666666666667
South Dakota,1993,16676.0,5.7,3.3333333333333335
South Dakota,1994,17120.0,5.4,3.3000000000000003
South Dakota,1995,18334.0,2.1,3.016666666666667
South Dakota,1996,18426.0,4.8,3.1500000000000004
South Dakota,1997,20310.0,1.8,2.9166666666666665
South Dakota,1998,20460.0,5.9,2.7499999999999996
South Dakota,1999,22073.0,3.8,2.766666666666667
South Dakota,2000,22856.0,6.9,2.433333333333333
South Dakota,2001,24273.0,0.8,3.1166666666666667
South Dakota,2002,25008.0,10.6,3.1
South Dakota,2003,25292.0,1.9,3.566666666666667
South Dakota,2004,27908.0,3.0,3.716666666666667
South Dakota,2005,29706.0,4.1,3.8666666666666667
South Dakota,2006,31140.0,1.7,3.0999999999999996
South Dakota,2007,32239.0,5.0,2.8000000000000003
South Dakota,2008,35405.0,3.3,3.016666666666666
South Dakota,2009,37513.0,1.1,5.033333333333333
South Dakota,2010,36845.0,1.2,4.916666666666667
South Dakota,2011,38423.0,6.4,4.716666666666666
South Dakota,2012,41269.0,1.4,4.316666666666666
South Dakota,2013,41554.0,0.4,3.783333333333333
South Dakota,2014,41376.0,1.6,3.4000000000000004
South Dakota,2015,42785.0,2.1,3.1166666666666667
South Dakota,2016,44286.0,0.8,2.983333333333334
South Dakota,2017,44312.0,0.6,3.233333333333334
South Dakota,2018,45592.0,2.7,3.0500000000000003
South Dakota,2019,48460.0,0.6,3.3000000000000003
South Dakota,2020,49600.0,-8.7,7.133333333333333
Tennessee,1980,6843.0,-1.4,7.6499999999999995
Tennessee,1981,7420.0,2.8,8.666666666666668
Tennessee,1982,8207.0,-2.3,11.616666666666667
Tennessee,1983,8732.0,5.5,11.66666666666667
Tennessee,1984,9312.0,7.3,8.566666666666668
Tennessee,1985,10362.0,3.8,7.983333333333333
Tennessee,1986,10972.0,3.2,7.8999999999999995
Tennessee,1987,11699.0,7.1,6.583333333333333
Tennessee,1988,12430.0,4.7,5.849999999999999
Tennessee,1989,13460.0,1.0,5.033333333333333
Tennessee,1990,14304.0,-0.5,5.266666666666667
Tennessee,1991,15129.0,3.6,6.833333333333333
Tennessee,1992,15736.0,7.8,6.433333333333333
Tennessee,1993,16930.0,4.4,5.8500000000000005
Tennessee,1994,17691.0,6.0,4.833333333333333
Tennessee,1995,18430.0,3.3,5.349999999999999
Tennessee,1996,19406.0,3.3,5.0
Tennessee,1997,20051.0,5.0,5.366666666666667
Tennessee,1998,20856.0,6.2,4.3
Tennessee,1999,22582.0,3.1,3.933333333333333
Tennessee,2000,23190.0,1.3,3.9166666666666665
Tennessee,2001,24375.0,-0.4,4.45
Tennessee,2002,24767.0,3.3,5.033333333333334
Tennessee,2003,25740.0,2.8,5.8166666666666655
Tennessee,2004,26747.0,4.9,5.266666666666667
Tennessee,2005,28112.0,2.1,5.516666666666667
Tennessee,2006,28850.0,2.5,5.383333333333333
Tennessee,2007,30016.0,-1.0,4.483333333333333
Tennessee,2008,30935.0,1.2,6.516666666666667
Tennessee,2009,31898.0,-3.3,10.766666666666666
Tennessee,2010,32075.0,1.4,9.399999999999999
Tennessee,2011,33300.0,3.1,9.066666666666668
Tennessee,2012,34850.0,3.2,7.866666666666667
Tennessee,2013,36437.0,1.3,7.8500000000000005
Tennessee,2014,36280.0,1.5,6.6499999999999995
Tennessee,2015,37458.0,3.9,5.633333333333333
Tennessee,2016,38958.0,1.7,4.750000000000001
Tennessee,2017,39749.0,2.2,3.633333333333333
Tennessee,2018,41413.0,2.7,3.5500000000000003
Tennessee,2019,43426.0,1.6,3.4166666666666665
Tennessee,2020,44731.0,-13.0,10.116666666666665
Texas,1980,7831.0,3.5,5.266666666666667
Texas,1981,8662.0,6.3,5.250000000000001
Texas,1982,9800.0,0.4,6.833333333333333
Texas,1983,10517.0,-0.2,8.033333333333333
Texas,1984,11141.0,5.8,5.900000000000001
Texas,1985,12061.0,4.5,7.099999999999999
Texas,1986,12786.0,-2.2,8.933333333333332
Texas,1987,12993.0,-0.4,8.4
Texas,1988,13146.0,6.0,7.316666666666667
Texas,1989,13976.0,2.6,6.683333333333334
Texas,1990,14722.0,3.2,6.266666666666667
Texas,1991,15646.0,1.6,6.8500000000000005
Texas,1992,16120.0,3.9,7.683333333333334
Texas,1993,17156.0,3.6,7.116666666666667
Texas,1994,17741.0,5.6,6.55
Texas,1995,18322.0,5.0,6.116666666666667
Texas,1996,19149.0,5.9,5.6000000000000005
Texas,1997,20052.0,8.0,5.3
Texas,1998,21266.0,6.3,4.933333333333334
Texas,1999,22573.0,3.9,4.683333333333333
Texas,2000,23315.0,3.5,4.25
Texas,2001,24776.0,2.4,4.916666666666667
Texas,2002,25989.0,2.0,6.366666666666666
Texas,2003,26476.0,0.6,6.833333333333333
Texas,2004,27263.0,5.3,5.8999999999999995
Texas,2005,28182.0,2.6,5.3500000000000005
Texas,2006,29701.0,6.8,4.966666666666667
Texas,2007,31674.0,5.4,4.233333333333333
Texas,2008,32928.0,0.1,4.716666666666668
Texas,2009,35017.0,-0.3,7.833333333333333
Texas,2010,33887.0,2.4,8.066666666666666
Texas,2011,35195.0,3.2,7.8500000000000005
Texas,2012,37449.0,5.0,6.733333333333333
Texas,2013,39458.0,4.3,6.3
Texas,2014,39436.0,3.3,5.116666666666666
Texas,2015,41593.0,5.1,4.3999999999999995
Texas,2016,41785.0,0.7,4.666666666666667
Texas,2017,41456.0,2.8,4.266666666666667
Texas,2018,43516.0,3.9,3.8333333333333335
Texas,2019,46284.0,2.9,3.466666666666667
Texas,2020,47690.0,-9.7,9.666666666666666
Utah,1980,6877.0,2.1,6.366666666666666
Utah,1981,7446.0,3.7,6.466666666666668
Utah,1982,8116.0,-0.6,8.149999999999999
Utah,1983,8545.0,3.4,8.9
Utah,1984,9048.0,7.8,6.3500000000000005
Utah,1985,9875.0,5.7,6.016666666666666
Utah,1986,10406.0,-1.4,6.066666666666666
Utah,1987,10800.0,0.7,6.25
Utah,1988,11172.0,5.3,4.95
Utah,1989,11824.0,1.2,4.566666666666666
Utah,1990,12584.0,5.4,4.4
Utah,1991,13286.0,3.8,4.716666666666667
Utah,1992,13941.0,3.8,4.8500000000000005
Utah,1993,14609.0,4.9,4.05
Utah,1994,15208.0,8.3,3.8000000000000003
Utah,1995,15841.0,7.2,3.483333333333333
Utah,1996,16738.0,9.9,3.35
Utah,1997,17724.0,4.2,3.1166666666666667
Utah,1998,18649.0,6.3,3.683333333333333
Utah,1999,19499.0,4.2,3.6333333333333333
Utah,2000,20161.0,3.7,3.3000000000000003
Utah,2001,21193.0,1.6,4.366666666666666
Utah,2002,21904.0,1.9,5.866666666666666
Utah,2003,22616.0,1.8,5.6499999999999995
Utah,2004,23264.0,5.3,5.000000000000001
Utah,2005,24433.0,6.3,4.066666666666666
Utah,2006,25712.0,8.5,2.966666666666667
Utah,2007,27731.0,5.0,2.5666666666666664
Utah,2008,29216.0,-0.9,3.4
Utah,2009,30212.0,-1.9,7.433333333333334
Utah,2010,28993.0,2.0,7.883333333333333
Utah,2011,29337.0,3.0,6.749999999999999
Utah,2012,30934.0,1.2,5.366666666666667
Utah,2013,32592.0,2.6,4.6000000000000005
Utah,2014,32843.0,3.1,3.8000000000000003
Utah,2015,34409.0,3.9,3.6
Utah,2016,36367.0,4.2,3.4499999999999997
Utah,2017,37559.0,4.4,3.283333333333333
Utah,2018,39305.0,5.6,3.0666666666666664
Utah,2019,41977.0,3.8,2.5833333333333335
Utah,2020,43498.0,-7.1,6.316666666666666
Vermont,1980,7057.0,2.7,6.449999999999999
Vermont,1981,7782.0,3.2,5.733333333333333
Vermont,1982,8670.0,-0.4,7.050000000000001
Vermont,1983,9448.0,4.0,6.3999999999999995
Vermont,1984,10092.0,5.0,4.983333333333333
Vermont,1985,11053.0,5.9,4.816666666666667
Vermont,1986,11842.0,4.4,4.266666666666667
Vermont,1987,12584.0,8.7,3.5833333333333335
Vermont,1988,13386.0,8.7,2.9166666666666665
Vermont,1989,14441.0,4.6,3.5499999999999994
Vermont,1990,15677.0,1.7,4.9
Vermont,1991,16108.0,-2.7,6.683333333333333
Vermont,1992,16422.0,4.7,6.1499999999999995
Vermont,1993,17517.0,1.4,5.133333333333334
Vermont,1994,18034.0,3.1,4.583333333333333
Vermont,1995,18739.0,0.2,4.266666666666667
Vermont,1996,19561.0,4.4,4.3
Vermont,1997,20318.0,4.6,3.9166666666666665
Vermont,1998,21136.0,3.2,3.4000000000000004
Vermont,1999,22532.0,5.5,2.966666666666667
Vermont,2000,23792.0,5.4,2.8166666666666664
Vermont,2001,25433.0,3.0,3.2999999999999994
Vermont,2002,27043.0,3.1,3.983333333333333
Vermont,2003,27965.0,3.4,4.316666666666667
Vermont,2004,29337.0,5.0,3.6333333333333333
Vermont,2005,31013.0,1.3,3.4499999999999997
Vermont,2006,31447.0,0.8,3.6666666666666665
Vermont,2007,33167.0,-1.2,4.0
Vermont,2008,34685.0,2.4,4.566666666666666
Vermont,2009,36564.0,-1.6,6.766666666666667
Vermont,2010,36957.0,4.1,6.066666666666666
Vermont,2011,37993.0,2.2,5.433333333333333
Vermont,2012,39643.0,0.6,4.983333333333333
Vermont,2013,41214.0,-1.8,4.433333333333333
Vermont,2014,41346.0,0.5,3.933333333333333
Vermont,2015,42944.0,1.3,3.5500000000000003
Vermont,2016,44257.0,1.1,3.233333333333333
Vermont,2017,45102.0,0.4,2.9499999999999997
Vermont,2018,46308.0,0.9,2.5500000000000003
Vermont,2019,48019.0,0.8,2.3666666666666667
Vermont,2020,49511.0,-12.7,9.35
Virginia,1980,8203.0,1.5,5.416666666666667
Virginia,1981,9189.0,3.2,5.933333333333334
Virginia,1982,10106.0,0.3,7.3999999999999995
Virginia,1983,10900.0,4.6,6.416666666666667
Virginia,1984,11712.0,6.9,5.033333333333334
Virginia,1985,12932.0,4.9,5.616666666666666
Virginia,1986,13717.0,5.1,5.05
Virginia,1987,14558.0,6.0,4.216666666666666
Virginia,1988,15282.0,5.2,4.0
Virginia,1989,16542.0,3.5,3.9
Virginia,1990,17574.0,1.6,4.333333333333333
Virginia,1991,18255.0,-0.4,5.8500000000000005
Virginia,1992,18873.0,2.0,6.333333333333333
Virginia,1993,19780.0,2.8,5.25
Virginia,1994,20440.0,4.0,4.883333333333334
Virginia,1995,21173.0,2.8,4.550000000000001
Virginia,1996,21972.0,4.3,4.3999999999999995
Virginia,1997,22684.0,4.3,3.8666666666666667
Virginia,1998,23782.0,5.5,2.9
Virginia,1999,24857.0,5.1,2.766666666666667
Virginia,2000,26039.0,4.8,2.283333333333333
Virginia,2001,27822.0,3.4,3.2166666666666663
Virginia,2002,28959.0,0.9,4.216666666666666
Virginia,2003,30160.0,3.8,4.166666666666667
Virginia,2004,31948.0,4.7,3.7999999999999994
Virginia,2005,33835.0,5.5,3.6
Virginia,2006,35332.0,1.9,3.1333333333333333
Virginia,2007,37132.0,0.8,3.0
Virginia,2008,38581.0,0.0,3.8499999999999996
Virginia,2009,39621.0,-0.2,6.783333333333334
Virginia,2010,39498.0,2.8,7.1000000000000005
Virginia,2011,40612.0,1.0,6.633333333333334
Virginia,2012,42142.0,0.6,6.083333333333333
Virginia,2013,43985.0,0.3,5.716666666666666
Virginia,2014,42851.0,0.0,5.25
Virginia,2015,44509.0,2.0,4.45
Virginia,2016,45997.0,1.0,4.116666666666666
Virginia,2017,46915.0,1.7,3.7000000000000006
Virginia,2018,48608.0,2.3,3.0
Virginia,2019,50829.0,2.2,2.766666666666666
Virginia,2020,52144.0,-8.8,8.083333333333334
Washington,1980,8909.0,0.7,8.266666666666667
Washington,1981,9782.0,3.1,9.433333333333335
Washington,1982,10630.0,0.0,12.033333333333333
Washington,1983,11403.0,1.6,11.149999999999999
Washington,1984,12233.0,3.6,9.183333333333334
Washington,1985,13028.0,1.0,8.35
Washington,1986,13645.0,4.5,8.200000000000001
Washington,1987,14426.0,4.5,7.283333333333334
Washington,1988,14890.0,6.0,6.333333333333335
Washington,1989,15906.0,5.1,5.95
Washington,1990,17006.0,5.8,5.133333333333334
Washington,1991,18027.0,2.2,6.316666666666666
Washington,1992,18935.0,3.6,7.333333333333333
Washington,1993,19962.0,2.6,7.366666666666667
Washington,1994,20585.0,3.5,6.499999999999999
Washington,1995,21183.0,0.4,6.483333333333333
Washington,1996,21935.0,5.6,6.099999999999999
Washington,1997,23014.0,6.2,4.883333333333334
Washington,1998,24160.0,6.3,4.766666666666667
Washington,1999,25746.0,7.4,4.916666666666667
Washington,2000,26719.0,0.9,5.166666666666667
Washington,2001,28443.0,-2.3,6.2
Washington,2002,29256.0,1.6,7.383333333333333
Washington,2003,30117.0,1.7,7.533333333333332
Washington,2004,31406.0,1.9,6.2
Washington,2005,33532.0,6.6,5.566666666666666
Washington,2006,34138.0,4.0,5.083333333333333
Washington,2007,36317.0,6.0,4.666666666666667
Washington,2008,38560.0,1.1,5.283333333333333
Washington,2009,40163.0,-2.5,9.333333333333334
Washington,2010,38737.0,2.3,9.916666666666666
Washington,2011,39235.0,1.7,9.333333333333334
Washington,2012,40538.0,3.2,8.183333333333332
Washington,2013,43445.0,2.7,7.05
Washington,2014,43487.0,3.6,6.1000000000000005
Washington,2015,46253.0,4.7,5.633333333333334
Washington,2016,48053.0,3.9,5.283333333333334
Washington,2017,49577.0,5.5,4.7
Washington,2018,52077.0,7.2,4.416666666666667
Washington,2019,55924.0,4.6,4.266666666666667
Washington,2020,58070.0,-7.7,11.299999999999999
West Virginia,1980,6450.0,-1.7,9.700000000000001
West Virginia,1981,7019.0,-1.2,10.666666666666666
West Virginia,1982,7661.0,-2.8,13.6
West Virginia,1983,8184.0,-2.7,17.98333333333333
West Virginia,1984,8475.0,5.3,14.550000000000002
West Virginia,1985,9237.0,1.1,13.183333333333332
West Virginia,1986,9721.0,-1.4,11.966666666666667
West Virginia,1987,10122.0,0.2,10.816666666666668
West Virginia,1988,10500.0,7.4,9.883333333333333
West Virginia,1989,11451.0,-0.2,8.666666666666666
West Virginia,1990,12191.0,1.7,8.283333333333333
West Virginia,1991,13073.0,2.0,10.633333333333333
West Virginia,1992,13632.0,2.8,11.283333333333333
West Virginia,1993,14701.0,2.9,10.75
West Virginia,1994,15160.0,6.3,8.833333333333334
West Virginia,1995,15740.0,2.6,7.933333333333334
West Virginia,1996,16219.0,2.3,7.3500000000000005
West Virginia,1997,16844.0,2.2,6.75
West Virginia,1998,17524.0,1.6,6.666666666666667
West Virginia,1999,18279.0,3.3,6.55
West Virginia,2000,18823.0,-0.2,5.433333333333334
West Virginia,2001,19959.0,0.0,4.883333333333334
West Virginia,2002,21200.0,1.3,5.983333333333333
West Virginia,2003,22251.0,0.2,6.133333333333333
West Virginia,2004,22635.0,1.3,5.266666666666667
West Virginia,2005,23481.0,2.9,5.133333333333333
West Virginia,2006,24411.0,1.4,5.083333333333333
West Virginia,2007,25917.0,0.0,4.516666666666667
West Virginia,2008,26651.0,1.9,4.116666666666666
West Virginia,2009,28069.0,-0.2,8.016666666666666
West Virginia,2010,28701.0,1.2,8.549999999999999
West Virginia,2011,29568.0,1.6,8.033333333333333
West Virginia,2012,30857.0,-0.3,7.566666666666667
West Virginia,2013,31982.0,1.1,6.650000000000001
West Virginia,2014,31616.0,-0.6,6.6000000000000005
West Virginia,2015,32656.0,0.9,6.866666666666667
West Virginia,2016,33445.0,-1.5,6.116666666666666
West Virginia,2017,33599.0,0.7,5.116666666666666
West Virginia,2018,35344.0,3.0,5.233333333333333
West Virginia,2019,37484.0,0.7,4.800000000000001
West Virginia,2020,38466.0,-10.0,11.133333333333333
Wisconsin,1980,7931.0,-1.4,7.45
Wisconsin,1981,8712.0,0.3,7.75
Wisconsin,1982,9424.0,-2.1,10.583333333333334
Wisconsin,1983,10034.0,2.0,10.183333333333335
Wisconsin,1984,10671.0,6.1,7.3500000000000005
Wisconsin,1985,11739.0,3.4,7.2
Wisconsin,1986,12337.0,1.6,7.016666666666666
Wisconsin,1987,12995.0,2.9,5.866666666666667
Wisconsin,1988,13569.0,6.1,4.316666666666666
Wisconsin,1989,14312.0,2.0,4.3999999999999995
Wisconsin,1990,15464.0,1.9,4.233333333333333
Wisconsin,1991,16162.0,1.3,5.5
Wisconsin,1992,16632.0,5.5,5.233333333333333
Wisconsin,1993,17742.0,3.9,4.816666666666666
Wisconsin,1994,18418.0,5.3,4.500000000000001
Wisconsin,1995,19334.0,2.1,3.75
Wisconsin,1996,20097.0,4.7,3.5833333333333335
Wisconsin,1997,20934.0,4.5,3.5833333333333335
Wisconsin,1998,21934.0,3.8,3.35
Wisconsin,1999,23246.0,4.1,3.0500000000000003
Wisconsin,2000,24110.0,3.0,3.5999999999999996
Wisconsin,2001,25576.0,1.3,4.483333333333333
Wisconsin,2002,26811.0,2.1,5.333333333333333
Wisconsin,2003,27927.0,2.8,5.800000000000001
Wisconsin,2004,28747.0,3.3,5.0
Wisconsin,2005,29965.0,2.4,4.683333333333334
Wisconsin,2006,30635.0,1.8,4.733333333333333
Wisconsin,2007,32133.0,0.5,4.95
Wisconsin,2008,33362.0,-1.3,4.666666666666666
Wisconsin,2009,34333.0,-2.8,8.783333333333333
Wisconsin,2010,34418.0,3.1,8.583333333333334
Wisconsin,2011,35234.0,2.1,7.833333333333335
Wisconsin,2012,36814.0,1.4,7.05
Wisconsin,2013,38547.0,0.4,6.733333333333333
Wisconsin,2014,38294.0,2.3,5.366666666666667
Wisconsin,2015,39965.0,2.2,4.516666666666667
Wisconsin,2016,41414.0,1.1,3.9999999999999996
Wisconsin,2017,41951.0,1.0,3.2499999999999996
Wisconsin,2018,43675.0,3.3,3.0
Wisconsin,2019,45956.0,1.4,3.3666666666666667
Wisconsin,2020,47282.0,-11.4,8.85
Wyoming,1980,9055.0,8.9,3.8499999999999996
Wyoming,1981,10109.0,3.4,3.983333333333333
Wyoming,1982,11087.0,-6.3,6.216666666666666
Wyoming,1983,11479.0,-5.3,8.3
Wyoming,1984,11486.0,4.8,6.1499999999999995
Wyoming,1985,12212.0,1.2,6.883333333333334
Wyoming,1986,12882.0,-4.6,9.033333333333333
Wyoming,1987,13075.0,-2.5,7.949999999999999
Wyoming,1988,13014.0,6.3,6.366666666666666
Wyoming,1989,13597.0,-0.2,6.183333333333334
Wyoming,1990,14956.0,5.0,5.283333333333334
Wyoming,1991,16286.0,3.3,5.166666666666667
Wyoming,1992,16945.0,1.5,5.633333333333334
Wyoming,1993,17659.0,3.2,5.3999999999999995
Wyoming,1994,18359.0,2.2,4.95
Wyoming,1995,18891.0,2.9,4.8
Wyoming,1996,19611.0,2.8,4.966666666666667
Wyoming,1997,19960.0,0.7,4.75
Wyoming,1998,21265.0,2.2,4.7
Wyoming,1999,22499.0,4.1,4.683333333333334
Wyoming,2000,23982.0,3.2,3.8499999999999996
Wyoming,2001,25558.0,5.8,3.8000000000000003
Wyoming,2002,27198.0,2.2,4.0
Wyoming,2003,28314.0,2.4,4.25
Wyoming,2004,30145.0,3.0,3.8000000000000003
Wyoming,2005,31943.0,5.1,3.6
Wyoming,2006,34192.0,13.3,3.15
Wyoming,2007,38269.0,7.3,2.8666666666666667
Wyoming,2008,39654.0,5.7,2.9499999999999997
Wyoming,2009,42794.0,-2.8,6.633333333333333
Wyoming,2010,40153.0,-3.8,6.316666666666666
Wyoming,2011,41573.0,-1.0,5.733333333333333
Wyoming,2012,45331.0,-2.5,5.316666666666667
Wyoming,2013,47687.0,0.2,4.666666666666667
Wyoming,2014,47026.0,0.5,4.116666666666667
Wyoming,2015,50551.0,3.1,4.333333333333333
Wyoming,2016,50805.0,-4.6,5.5
Wyoming,2017,48863.0,-0.6,4.083333333333333
Wyoming,2018,50778.0,2.2,3.9
Wyoming,2019,54841.0,1.3,3.6166666666666667
Wyoming,2020,55989.0,-11.8,7.633333333333334
