GISJOIN,YEAR,STATE,STATEFP,STATENH,NAME,AV0AA,AV1AA,AV1AB,B57AA,B57AB,B57AC,B57AD,B57AE,B57AF,B57AG,B57AH,B57AI,B57AJ,B57AK,B57AL,B57AM,B57AN,B57AO,B57AP,B57AQ,B57AR,B18AA,B18AB,B18AC,B18AD,B86AA,B86AB,B86AC
G010,1980,Alabama,1,10,ALABAMA,3893888,1871534,2022354,296412,314150,328096,223590,153816,76093,73269,211825,315460,283292,429714,388995,190062,72355,96744,278382,127614,34019,2873289,996283,9304,10660,2433741,173543,123469
G020,1980,Alaska,2,20,ALASKA,401851,213041,188810,38949,35043,34282,22471,14683,8404,8728,27958,48645,42163,54022,34243,12617,3672,4424,8312,2616,619,311968,13748,64357,8314,224403,24408,22240
G040,1980,Arizona,4,40,ARIZONA,2718215,1337942,1380273,213883,211067,219573,146964,105053,54602,53076,156105,236051,207764,297988,251820,132507,50179,74221,202120,85364,19878,2260288,74159,154390,24562,1635677,153154,137874
G050,1980,Arkansas,5,50,ARKANSAS,2286435,1104688,1181747,175592,180365,185491,129926,84396,40940,39250,113579,174313,161024,247415,217759,113577,45590,64741,192447,93676,26354,1889935,373025,12757,7232,1457488,93919,63825
G060,1980,California,6,60,CALIFORNIA,23667902,11666485,12001417,1708400,1650348,1796019,1234191,896274,468066,464384,1423515,2232964,2010051,2814938,2359934,1202140,422068,570360,1470978,725255,218017,18221353,1818660,231702,1312973,14343071,1459655,1481596
G080,1980,Colorado,8,80,COLORADO,2889964,1434293,1455671,216495,213135,226147,153036,115552,60376,59490,182740,302601,266944,346953,270860,125711,43690,58909,148666,74296,24363,2591270,101695,21015,34257,1667562,230999,181397
G090,1980,Connecticut,9,90,CONNECTICUT,3107576,1498005,1609571,185188,205758,256283,175690,112693,55230,55542,161610,249260,241873,369302,338901,178712,65989,90681,219717,109418,35729,2811092,216641,4882,21116,1858928,230892,194000
G100,1980,Delaware,10,100,DELAWARE,594338,286599,307739,41151,42076,48870,34498,25250,12452,12274,33397,49622,45414,68268,63210,31847,11556,15274,36630,17280,5269,488002,96157,1391,4627,362426,37364,28059
G110,1980,District Of Columbia,11,110,DISTRICT OF COLUMBIA,638333,295417,342916,34365,36618,42133,30375,27249,13938,13997,41628,66343,56209,74265,63341,34093,12537,16955,46230,21672,6385,174705,448370,1014,6883,373600,50246,71132
G120,1980,Florida,12,120,FLORIDA,9746324,4675626,5070698,570224,621534,685016,482862,328478,165674,161056,484697,739848,671563,1038778,989160,555209,223364,341288,1059153,511078,117342,8184855,1343134,25006,62514,6394073,583324,407966
G130,1980,Georgia,13,130,GEORGIA,5463105,2640445,2822660,414935,446831,469598,314766,216007,106612,102653,306819,481276,448765,647332,528004,246907,93355,122514,330874,146423,39434,3949583,1464435,10079,26009,3321912,294578,197202
G150,1980,Hawaii,15,150,HAWAII,964691,494683,470008,77848,73057,74870,49808,36638,21909,21796,61977,95287,84314,111416,94444,47383,16362,21432,49375,21214,5561,331925,17687,2976,590659,569387,66114,54039
G160,1980,Idaho,16,160,IDAHO,943935,471155,472780,93531,82734,79218,51182,36800,17685,17202,51347,82461,72941,104326,81449,41182,15820,22377,58292,26912,8476,904045,2711,10523,6721,550552,49876,36430
G170,1980,Illinois,17,170,ILLINOIS,11426518,5537537,5888981,842241,849613,919385,631798,435197,218741,213348,640919,985619,869244,1293695,1161441,593160,214369,295863,761483,385720,114682,9267607,1674467,19612,172213,6988919,677837,512345
G180,1980,Indiana,18,180,INDIANA,5490224,2665825,2824399,418764,433053,454828,311673,217955,108520,106682,303459,462851,411557,613583,550112,278021,97925,135857,350459,180515,54410,5008817,414489,9691,24355,3439279,227790,204180
G190,1980,Iowa,19,190,IOWA,2913808,1416390,1497418,221628,211041,231700,161504,116129,57650,55065,159309,243200,205954,302697,281422,145854,54915,78156,214854,127790,44940,2841326,42228,6342,13847,1825956,157722,102689
G200,1980,Kansas,20,200,KANSAS,2363679,1156941,1206738,180877,169015,175363,123780,93941,49149,46962,136677,202671,171947,249640,231429,119932,44208,61825,173411,99397,33455,2170046,126356,17960,17539,1454977,145816,113489
G210,1980,Kentucky,21,210,KENTUCKY,3660777,1789039,1871738,282731,289411,301745,208843,145596,72837,70178,203104,309338,276288,404520,354252,178333,64209,89564,248988,125804,35036,3380256,259289,4601,11823,2321884,137958,116742
G220,1980,Louisiana,22,220,LOUISIANA,4205900,2039894,2166006,361533,345966,371795,251174,174983,88826,84875,246575,368732,312027,450219,393906,189278,69599,92133,254901,118843,30535,2915310,1238472,12932,25123,2522633,202061,149202
G230,1980,Maine,23,230,MAINE,1124660,546235,578425,78514,84179,94277,64417,42995,20785,20187,57466,92242,86557,122725,112021,56566,20947,29864,82288,44531,14099,1112977,3381,4365,3073,700716,65299,36483
G240,1980,Maryland,24,240,MARYLAND,4216975,2042810,2174165,272274,292916,356578,245762,159249,80108,78717,233566,371136,354443,527067,446488,222682,78069,102311,247209,115735,32665,3166142,957418,9075,67949,2501047,272488,276334
G250,1980,Massachusetts,25,250,MASSACHUSETTS,5737037,2730893,3006144,337215,374734,461332,317108,231131,115453,113319,324130,489175,446395,627300,584835,310995,115851,161533,422615,230008,73908,5378403,221029,9198,52615,3475419,419818,349710
G260,1980,Michigan,26,260,MICHIGAN,9262078,4516189,4745889,685113,727120,801874,537879,363398,182845,180689,530896,806918,708369,1028999,930931,471411,165238,228140,556510,274095,81653,7893278,1197177,44919,62641,5693063,432346,384301
G270,1980,Minnesota,27,270,MINNESOTA,4075970,1997826,2078144,307249,296295,333378,234886,164932,82283,78800,232483,363435,313104,449216,380250,189457,69869,100769,270148,156627,52789,3942025,52325,36730,32226,2457906,264427,179435
G280,1980,Mississippi,28,280,MISSISSIPPI,2520638,1213878,1306760,215279,219048,226276,153594,105284,51191,47670,134644,197129,172410,260505,231819,112768,44516,59148,179949,85899,23509,1615632,887111,6914,7749,1517744,112907,73171
G290,1980,Missouri,29,290,MISSOURI,4916686,2365487,2551199,354144,355426,382168,270745,190591,93478,89370,262594,398398,354339,540566,496552,254957,93460,131772,381060,205994,61072,4348412,513385,14971,24962,3107493,252944,191965
G300,1980,Montana,30,300,MONTANA,786690,392625,394065,64455,60238,62539,44663,29959,15151,14768,44099,71516,61409,88419,73677,36557,14325,20356,51528,24194,8837,740901,1738,37700,3097,470427,50772,33688
G310,1980,Nebraska,31,310,NEBRASKA,1569825,765894,803931,122946,118045,120907,85272,61977,31100,29747,87887,134794,114407,163774,150653,75104,27979,39549,114021,67919,23744,1492220,47946,9146,8190,966774,90577,65013
G320,1980,Nevada,32,320,NEVADA,800493,405060,395433,56132,55689,61744,42234,27928,14761,14866,47815,75951,69197,105311,85410,42116,14994,20589,45998,16118,3640,703053,51203,14344,15606,511633,40730,32549
G330,1980,New Hampshire,33,330,NEW HAMPSHIRE,920610,448462,472148,62512,67997,76763,50810,36966,17966,17178,48480,79468,77928,107028,90121,44749,16438,23239,61788,31529,9650,910551,4324,1385,3364,556159,64694,41083
G340,1980,New Jersey,34,340,NEW JERSEY,7364823,3533012,3831811,463289,508447,605841,413284,257381,124854,122729,367245,574135,563758,879823,826558,430048,155560,212100,530707,256833,72231,6154833,924909,10200,109383,4477146,517421,377957
G350,1980,New Mexico,35,350,NEW MEXICO,1302894,642157,660737,114731,109615,114101,79460,52846,26024,25009,74395,115344,101303,144938,122043,58424,20192,28563,74732,32391,8783,990657,23071,106750,7728,753345,64728,67083
G360,1980,New York,36,360,NEW YORK,17558072,8339422,9218650,1135925,1184879,1406060,960999,637572,314719,307969,897258,1428376,1351839,2043219,1908113,979370,354865,486142,1292428,675356,192983,14033644,2405818,43987,330972,10760299,1058219,1050709
G370,1980,North Carolina,37,370,NORTH CAROLINA,5881766,2855385,3026381,404076,447688,482228,323743,242579,125275,120396,333841,502579,461169,682634,601335,295910,108276,146856,387587,170391,45203,4460570,1319054,65960,23150,3726519,315290,180596
G380,1980,North Dakota,38,380,NORTH DAKOTA,652717,328426,324291,54752,49016,51043,36180,27797,14705,14218,40470,58470,45687,63646,59128,29218,11086,16856,47147,25158,8140,626358,2471,19953,2292,401032,38880,21141
G390,1980,Ohio,39,390,OHIO,10797630,5217137,5580493,787150,821480,886625,599065,408614,204093,202141,598685,907679,815697,1199823,1126607,581948,205715,282848,706554,354480,108426,9607133,1076742,15554,53166,6765827,535102,402860
G400,1980,Oklahoma,40,400,OKLAHOMA,3025290,1476705,1548585,233307,229573,230675,161329,117658,59643,57117,167482,252745,222829,337220,298730,150228,55505,75123,224733,117412,33981,2603063,204810,171224,19765,1878501,163890,127302
G410,1980,Oregon,41,410,OREGON,2633105,1296566,1336539,198046,189329,202503,133179,92689,46124,45697,146039,253530,227623,303796,243605,129919,48449,69241,184554,90351,28431,2496398,37454,30469,40958,1607932,160660,140704
G420,1980,Pennsylvania,42,420,PENNSYLVANIA,11863895,5682590,6181305,747458,805151,931891,638796,441814,221397,218843,619575,945051,847847,1274072,1296012,712074,263430,369551,944065,456908,129960,10668416,1045318,11132,70514,7656442,613758,468161
G440,1980,Rhode Island,44,440,RHODE ISLAND,947154,451251,495903,56692,61465,74170,50524,39249,19617,19114,51500,76215,69820,98863,97804,55748,20736,28715,75562,39382,11978,900408,27361,3204,6617,606721,54571,42692
G450,1980,South Carolina,45,450,SOUTH CAROLINA,3121820,1518013,1603807,238516,253643,266179,183628,133606,67365,64313,182060,273137,243604,350505,299183,149937,55272,73544,189527,77797,20004,2147825,947969,6744,13370,1921261,159969,97296
G460,1980,South Dakota,46,460,SOUTH DAKOTA,690768,340683,350085,58446,52871,54400,39889,28752,14559,13548,38446,56868,45959,66432,64968,33567,12782,18262,50515,30077,10427,639840,2152,45572,1917,424149,38516,21569
G470,1980,Tennessee,47,470,TENNESSEE,4591120,2216600,2374520,326088,349928,369940,252604,177649,88513,84813,250087,387987,356636,533841,465366,230307,84139,115634,323027,153118,41443,3837968,724808,7035,15252,2917800,220749,152423
G480,1980,Texas,48,480,TEXAS,14229191,6998723,7230468,1169061,1169889,1179988,787168,565187,288527,278789,853042,1302054,1124483,1603231,1361666,643396,227338,304211,847265,411874,112022,11303054,1704741,50812,134428,8453389,840992,627141
G490,1980,Utah,49,490,UTAH,1461037,724501,736536,189962,146187,125681,78275,60628,28716,31158,95802,135087,105688,142806,112866,52701,19502,26758,67820,32548,8852,1383997,9691,20103,20224,771511,82703,67319
G500,1980,Vermont,50,500,VERMONT,511456,249080,262376,35998,37855,42650,28815,22472,10665,10512,27460,44845,42325,57394,47774,23502,8600,12423,33773,18386,6007,507052,1188,1068,1640,304728,35814,24909
G510,1980,Virginia,51,510,VIRGINIA,5346818,2618310,2728508,360686,387524,431051,295073,210601,109646,108248,313074,477912,449952,662885,545907,267889,95514,125552,318296,145877,41131,4236345,1008665,10069,70569,3221826,358113,292920
G530,1980,Washington,53,530,WASHINGTON,4132156,2052307,2079849,306123,296011,321995,215231,153792,79452,79060,242030,389997,354645,487214,392021,203986,75410,103627,263347,126739,41476,3790990,105604,63808,111607,2499069,257656,235838
G540,1980,West Virginia,54,540,WEST VIRGINIA,1949644,945408,1004236,145583,152802,157489,103762,70442,35408,35170,102110,160954,144649,207419,198112,105219,38408,54249,147298,71161,19409,1874618,65041,2357,5902,1258056,72199,59456
G550,1980,Wisconsin,55,550,WISCONSIN,4705767,2305427,2400340,346940,344804,392247,273829,192783,95169,92035,262822,401915,348115,501973,452945,229046,83896,123051,330415,178145,55637,4446088,183169,30788,22043,2907843,258175,180312
G560,1980,Wyoming,56,560,WYOMING,469557,240560,228997,44845,39297,37124,24287,18292,9804,9746,31118,49335,39400,52995,41605,18930,6578,9026,22867,10835,3473,446489,3270,8266,2044,276243,28207,19126
G010,1990,Alabama,1,10,Alabama,4040587,1936162,2104425,283295,293587,299413,182493,137933,67624,62666,175112,319562,328918,583587,419421,183677,71033,109277,301218,173264,48507,2975797,1020705,16506,27579,2556943,281466,142177
G020,1990,Alaska,2,20,Alaska,550043,289867,260176,54897,51736,43179,22532,14619,8315,8050,24863,53341,59624,103097,53929,16595,5689,7208,15548,5570,1251,415492,22451,85698,26402,301577,50797,25981
G040,1990,Arizona,4,40,Arizona,3665228,1810691,1854537,292859,281733,258364,148163,112759,59304,55863,164754,318048,316851,528708,349516,146658,59996,92878,290044,151013,37717,2963186,110524,203527,387991,2199310,325575,161560
G050,1990,Arkansas,5,50,Arkansas,2350725,1133076,1217649,164667,175051,176097,105316,74306,35573,33349,93828,179036,180009,326703,243337,105811,41795,65789,195961,118881,35216,1944744,373912,12773,19296,1519275,143038,67144
G060,1990,California,6,60,California,29760021,14897627,14862394,2397715,2223982,1977343,1151685,901463,509737,495714,1505343,2854057,2832314,4639321,2902569,1133907,443446,655873,1857221,979224,299107,20524327,2208801,242164,6784729,17444190,3052702,1523650
G080,1990,Colorado,8,80,Colorado,3294394,1631295,1663099,252893,253197,227289,127887,97075,51122,48916,138412,289598,322251,568087,336671,130193,49657,71703,194527,101963,32953,2905474,133146,27776,227998,1841323,402917,190168
G090,1990,Connecticut,9,90,Connecticut,3287116,1592873,1694243,228356,209005,194372,117848,93732,51542,49900,150259,287691,296191,510996,356042,147022,59475,88778,256237,142677,46993,2859353,274269,6654,146840,1900133,393514,243686
G100,1990,Delaware,10,100,Delaware,666168,322968,343200,48824,46949,43055,24513,21793,11793,11056,31591,59286,59829,98866,68114,29861,11980,17923,49596,23997,7142,535094,112460,2019,16595,405278,64555,33328
G110,1990,District Of Columbia,11,110,District of Columbia,606900,282970,323930,37351,31997,29318,18426,22851,12440,11572,35695,63129,58147,95196,62031,25441,10409,15050,44553,25447,7847,179667,399604,1466,26163,340199,78581,71496
G120,1990,Florida,12,120,Florida,12937926,6261719,6676207,849596,814118,748355,454168,345111,177644,169269,523633,1052106,1064138,1811156,1291611,588552,257504,421534,1369652,789669,210110,10749285,1759534,36335,392772,8372920,1133053,567453
G130,1990,Georgia,13,130,Georgia,6478216,3144503,3333713,495535,483952,466614,281202,215950,109209,103347,310078,589952,584944,1015698,668951,259735,96499,142280,388051,208975,57244,4600148,1746565,13348,118155,3920760,566481,260325
G150,1990,Hawaii,15,150,Hawaii,1108229,563891,544338,83223,80907,73896,42100,30391,18158,18013,54623,100178,100518,178339,108775,45375,19275,29453,78653,35955,10397,369616,27195,5099,706319,659231,117888,50885
G160,1990,Idaho,16,160,Idaho,1006749,500956,505793,80193,90043,90186,47983,32455,14609,13491,37692,72067,80733,149168,98907,39407,15287,23263,69755,40112,11398,950451,3370,13780,39148,589246,77768,31898
G170,1990,Illinois,17,170,Illinois,11430602,5552233,5878369,848141,836619,796468,465138,352863,179108,169099,511880,984090,1009095,1700144,1166727,485581,195755,293349,821940,467056,147549,8952978,1694273,21836,761515,6829443,1101193,552145
G180,1990,Indiana,18,180,Indiana,5544159,2688281,2855878,398656,410463,406513,240332,187247,92617,86806,238212,448076,467033,819161,570791,239692,96812,145552,402041,222404,71751,5020700,432092,12720,78647,3502490,360087,224057
G190,1990,Iowa,19,190,Iowa,2776755,1344802,1431953,193203,209338,204217,112122,87294,44005,41228,111186,206616,222003,395321,274428,122335,50049,77304,226961,143890,55255,2683090,48090,7349,38226,1736750,227676,92985
G200,1990,Kansas,20,200,Kansas,2477574,1214645,1262929,188390,195981,179473,97770,74406,39311,36994,103782,201424,211749,361326,235388,103821,41529,63659,184664,115666,42241,2231986,143076,21965,80547,1466100,239238,110234
G210,1990,Kentucky,21,210,Kentucky,3685296,1785235,1900061,250871,265457,275287,162479,122682,59496,56482,161329,301293,308826,549063,382366,162821,63785,96214,268226,152252,46367,3391832,262907,5769,24788,2390629,209055,129994
G220,1990,Louisiana,22,220,Louisiana,4219973,2031386,2188587,334650,358365,342455,191799,140341,69669,65667,188834,345375,358547,605936,406440,171927,67728,103249,275008,150350,43633,2839138,1299281,18541,63013,2558918,288154,143624
G230,1990,Maine,23,230,Maine,1227928,597850,630078,85722,88506,84579,50195,37732,18500,17334,50206,98773,106462,193345,124751,54216,21622,32612,91600,53547,18226,1208360,5138,5998,8432,762332,107480,48816
G240,1990,Maryland,24,240,Maryland,4781468,2318671,2462797,357818,332373,297164,174886,135764,72647,71101,225861,449196,450902,777006,521801,202170,79094,116203,314491,156495,46496,3393964,1189899,12972,184633,2744351,532883,342012
G250,1990,Massachusetts,25,250,Massachusetts,6016425,2888745,3127680,412473,378035,348093,214474,195460,106668,103331,303640,556920,544441,918456,600095,253458,103605,157992,459881,267194,92209,5405374,300130,12241,298680,3490938,746818,427284
G260,1990,Michigan,26,260,Michigan,9295297,4512781,4782516,702554,692247,666370,397594,299209,150757,143173,411388,764262,810291,1406149,948119,392787,160021,241915,655838,345716,106907,7756086,1291706,55638,191867,5752704,701749,379121
G270,1990,Minnesota,27,270,Minnesota,4375099,2145183,2229916,336800,345840,313297,170846,126763,66046,62546,187454,381759,397984,666084,428460,173066,68308,102912,294522,183577,68835,4130395,94944,49909,99851,2564854,467835,174501
G280,1990,Mississippi,28,280,Mississippi,2573216,1230617,1342599,195365,211918,213305,126173,96706,45141,41320,110179,197740,202280,349564,247745,107784,42033,64679,180149,108800,32335,1633461,915057,8525,16173,1583694,163214,78937
G290,1990,Missouri,29,290,Missouri,5117073,2464315,2652758,369244,378850,360481,206251,156566,77802,71767,211056,420001,432041,734771,523177,228556,90491,138338,394202,242262,81217,4486228,548208,19835,62802,3176788,420521,204294
G300,1990,Montana,30,300,Montana,799065,395769,403296,59257,65377,62899,34571,22242,10461,9802,27506,56111,66959,126756,82306,34005,13894,20422,60884,34937,10676,741111,2381,47679,7894,472313,74900,29065
G310,1990,Nebraska,31,310,Nebraska,1578385,769439,808946,119606,126401,117383,65622,47238,23257,21988,63404,125218,131990,228812,149389,67281,26976,40752,117643,76223,29202,1480558,57404,12410,28013,948959,141231,59008
G320,1990,Nevada,32,320,Nevada,1201833,611880,589953,92217,85562,76008,43161,30999,16864,16948,54134,110583,111444,192265,136000,54681,21466,31870,85785,34383,7463,1012695,78771,19637,90730,781917,83864,41293
G330,1990,New Hampshire,33,330,New Hampshire,1109252,543544,565708,84565,80641,71725,41824,34640,17759,17190,48013,98662,106161,182632,112215,44703,17518,25975,71471,40272,13286,1087433,7198,2134,12487,646522,126495,57112
G340,1990,New Jersey,34,340,New Jersey,7730188,3735685,3994503,532637,493044,480983,292798,212590,113489,109090,344015,668917,691734,1196659,843009,355677,145713,217808,610192,326286,95547,6130465,1036825,14970,547928,4564258,905111,462155
G350,1990,New Mexico,35,350,New Mexico,1515069,745253,769816,125878,131059,121632,68172,45766,22402,21176,62480,126083,130666,227717,147448,62038,24205,35285,97607,51223,14232,1146028,30210,134355,204476,874068,117742,76820
G360,1990,New York,36,360,New York,17990455,8625673,9364782,1255764,1178006,1140177,685602,544525,294541,279689,834669,1564617,1573571,2724685,1913920,811857,335402,489708,1348279,767270,248173,13385255,2859055,62651,1683494,10789509,1758212,1186433
G370,1990,North Carolina,37,370,North Carolina,6628637,3214290,3414347,458955,439621,436840,270733,227097,121249,115375,317332,572875,571000,1007611,698705,295739,116081,175083,483105,251267,69969,5008491,1456323,80155,83668,4229632,559144,231368
G380,1990,North Dakota,38,380,North Dakota,638800,318201,320599,47845,52032,48820,26688,19980,10770,9963,27140,50154,53861,90020,57084,26268,10975,16145,47541,32274,11240,604142,3524,25917,5217,386535,58403,18181
G390,1990,Ohio,39,390,Ohio,10847115,5226340,5620775,785149,795135,766822,452638,341281,170140,161619,463378,868564,926624,1615855,1113443,482526,196535,300445,828028,440903,138030,9521756,1154826,20358,150175,6788384,843399,411536
G400,1990,Oklahoma,40,400,Oklahoma,3145585,1530819,1614766,226523,244122,231892,134470,98623,49492,45988,127286,248609,260710,452241,322975,141214,54286,82941,235135,143230,45848,2583512,233801,252420,75852,1935331,253635,119774
G410,1990,Oregon,41,410,Oregon,2842321,1397073,1445248,201421,209775,201365,111569,78386,40941,38492,109709,211981,239563,474851,296595,116011,46467,73871,224438,128071,38815,2636787,46178,38496,120860,1720350,267161,130403
G420,1990,Pennsylvania,42,420,Pennsylvania,11881643,5694265,6187378,797058,788301,755161,454290,363768,187448,179959,495600,920217,992239,1744867,1213845,552378,236135,371271,1070021,587249,171836,10520201,1089795,14733,256914,7560002,995999,528700
G440,1990,Rhode Island,44,440,Rhode Island,1003464,481496,521968,66969,63731,59406,35584,35278,19652,17538,47890,85852,87772,147617,96425,42077,18287,28839,85616,48915,16016,917375,38861,4071,43157,625792,99704,51963
G450,1990,South Carolina,45,450,South Carolina,3486703,1688510,1798193,256337,256076,253719,154075,123559,61955,58644,162368,296764,294584,523295,355610,148762,56803,87217,246305,119881,30749,2406974,1039884,8246,31599,2178479,267365,118811
G460,1990,South Dakota,46,460,South Dakota,696004,342498,353506,54504,58795,55437,29726,20845,10169,9661,27438,53143,56270,95216,62669,29218,12176,18406,54471,34517,13343,637515,3258,50575,4656,418597,57149,21313
G470,1990,Tennessee,47,470,Tennessee,4877185,2348928,2528257,333415,337368,339098,206723,159843,79105,73731,214976,402977,409344,740988,526210,220952,85467,128170,357423,202601,58794,4048068,778035,10039,41043,3129643,359948,171938
G480,1990,Texas,48,480,Texas,16986510,8365963,8620547,1390054,1396173,1294353,755259,556432,280266,264658,789488,1532740,1553431,2539025,1628634,661590,255420,372411,998239,551732,166605,12774762,2021632,65877,2124239,9947059,1530849,673250
G490,1990,Utah,49,490,Utah,1722850,855759,867091,169633,183674,183846,90291,62164,28081,27946,81795,137321,137577,224672,138481,54930,21224,31257,88187,48160,13611,1615845,11576,24283,71146,887076,146213,61633
G500,1990,Vermont,50,500,Vermont,562758,275492,287266,41261,41789,37990,22043,19656,10015,9716,23779,45261,49996,92432,57389,22787,9036,13445,37072,21568,7523,555088,1951,1696,4023,327656,59593,31929
G510,1990,Virginia,51,510,Virginia,6187358,3033974,3153384,443155,424361,398531,238691,199865,108240,104937,306689,574241,566447,991756,663332,257207,99166,146270,400622,204139,59709,4791739,1162994,15282,217343,3642719,676710,363602
G530,1990,Washington,53,530,Washington,4866692,2413747,2452945,366780,371093,337662,185852,136859,73950,70956,206774,411822,443366,803763,501543,191602,75747,113635,336034,182953,56301,4308937,149801,81483,326471,2859292,527791,221149
G540,1990,West Virginia,54,540,West Virginia,1793477,861536,931941,106659,119874,134813,82231,59824,27439,25302,67426,122144,139559,271104,191318,85265,35697,55925,155743,87703,25451,1725523,56295,2458,9201,1195846,96372,57053
G550,1990,Wisconsin,55,550,Wisconsin,4891769,2392935,2498834,360730,376303,353587,198362,148927,76463,73120,213816,401345,420870,724617,478882,204647,83496,125383,358419,218509,74293,4512523,244539,39387,95320,3016701,409541,174793
G560,1990,Wyoming,56,560,Wyoming,453588,227007,226581,34780,40617,38917,21211,13596,6429,5678,15683,33268,41028,74199,45497,17893,7254,10343,27759,14886,4550,427061,3606,9479,13442,264220,38305,15982
G010,2000,Alabama,1,10,Alabama,4447100,2146504,2300596,295992,315345,320252,191833,132747,66614,63146,177105,301196,301819,685512,600209,225450,78966,111116,316748,195749,67301,3162808,1155930,22430,61753,2749184,375494,199810
G020,2000,Alaska,2,20,Alaska,626932,324112,302820,47591,53771,56661,32694,17400,8341,7927,23624,42987,46486,114049,94952,27423,7726,9601,22507,10558,2634,434534,21787,98043,38422,340345,63354,32726
G040,2000,Arizona,4,40,Arizona,5130632,2561057,2569575,382386,389869,378211,216481,151241,76165,71929,214766,374106,368559,768804,627904,238675,84016,119681,363841,235473,68525,3873611,158873,255879,695743,2972585,520675,274671
G050,2000,Arkansas,5,50,Arkansas,2673400,1304693,1368707,181585,187224,192935,118625,80140,39532,37020,105046,176674,176171,398127,349519,139393,48821,68569,198334,129193,46492,2138598,418950,17808,62300,1692446,201863,99033
G060,2000,California,6,60,California,33871648,16874892,16996756,2486981,2725880,2570822,1466146,984742,490829,470556,1419903,2543541,2685521,5485341,4331635,1467252,488645,658196,1887823,1282178,425657,20170059,2263882,333346,9496715,18754532,3847654,2047999
G080,2000,Colorado,8,80,Colorado,4301261,2165983,2135278,297505,308428,311497,183365,123873,62281,60239,183718,331795,332232,736823,614125,194722,61959,82626,226310,141547,48216,3560005,165063,44241,409765,2258436,635010,311025
G090,2000,Connecticut,9,90,Connecticut,3405565,1649319,1756246,223344,244144,241587,132613,84014,40402,38804,108365,201467,250173,581049,480807,176961,56131,75521,231565,174345,64273,2780355,309843,9639,230880,1814728,444570,306693
G100,2000,Delaware,10,100,Delaware,783600,380541,403059,51531,55813,55274,31969,23663,11681,10917,29067,51219,57621,127601,103999,39320,13481,18718,56415,34762,10549,584773,150666,2731,32397,454626,86093,48919
G110,2000,District Of Columbia,11,110,District of Columbia,572059,269366,302693,32536,35385,30018,17053,20814,11024,10314,30485,52849,48913,87677,75310,27803,9536,12444,35919,25004,8975,176101,343312,1713,37487,293287,82454,81986
G120,2000,Florida,12,120,Florida,15982378,7797715,8184663,945823,1031718,1057024,611775,402292,197368,184910,546032,995358,1088742,2485247,2069479,821517,299287,438209,1452176,1024134,331287,12465029,2335505,53541,751988,9800635,1650197,896974
G130,2000,Georgia,13,130,Georgia,8186453,4027113,4159340,595150,615584,607759,350741,245536,125148,117767,349281,641750,657506,1353508,1079992,375651,122259,163546,435695,261723,87857,5327281,2349542,21737,373705,4700512,885664,434503
G150,2000,Hawaii,15,150,Hawaii,1211537,608671,602866,78163,84980,83106,49518,31484,16957,17015,49437,84000,87159,191177,170979,60561,19566,26834,85262,57775,17564,294102,22003,3535,632554,700369,148840,68003
G160,2000,Idaho,16,160,Idaho,1293953,648660,645293,97643,100756,104608,66023,44835,19868,19396,54730,85128,84305,192968,170248,60024,20324,27181,75970,51889,18057,1177304,5456,17645,67939,750024,121715,54083
G170,2000,Illinois,17,170,Illinois,12419293,6080336,6338957,876549,929858,905097,533947,360055,179332,167603,503908,891759,919915,1983870,1626742,577747,195386,267500,772247,535747,192031,9125471,1876875,31006,1150925,6981367,1429982,768715
G180,2000,Indiana,18,180,Indiana,6080485,2982474,3098011,423215,443273,443416,264492,188990,95673,89190,240868,409035,422090,960703,816865,294169,99818,135857,395393,265880,91558,5320022,510034,15815,158942,3710948,513992,282739
G190,2000,Iowa,19,190,Iowa,2926324,1435515,1490809,188413,202603,210547,132075,94345,47185,43184,113294,177259,185801,445199,392794,139052,48874,69486,211935,159160,65118,2748640,61853,8989,75064,1768213,300811,124966
G200,2000,Kansas,20,200,Kansas,2688418,1328474,1359944,188708,195574,204018,124693,85425,42487,39085,108595,172975,175878,420351,354147,121645,41252,57356,175916,128543,51770,2313944,154198,24936,138844,1517277,310025,149896
G210,2000,Kentucky,21,210,Kentucky,4041769,1975368,2066401,265901,279258,279481,170178,118826,60868,57540,164624,281134,286974,642665,556932,204483,71143,96969,273943,172589,58261,3640889,295994,8616,53827,2571040,293058,183830
G220,2000,Louisiana,22,220,Louisiana,4468976,2162903,2306073,317392,336780,347912,217715,148230,71946,67101,186524,296161,305001,691966,586271,208761,71817,98470,282925,175328,58676,2856161,1451944,25477,87129,2704432,363666,182425
G230,2000,Maine,23,230,Maine,1274923,620309,654614,70726,83022,92252,55238,34247,15330,14805,39521,71951,85666,212980,192596,68490,22367,32330,96196,63890,23316,1236014,6760,7098,12404,768174,136459,69312
G240,2000,Maryland,24,240,Maryland,5296486,2557794,2738692,353393,391318,392135,219326,136793,66616,62571,184942,342870,405651,916156,755032,268647,86667,115062,321285,211120,66902,3391308,1477411,15423,308757,2796362,672855,473850
G250,2000,Massachusetts,25,250,Massachusetts,6349097,3058816,3290281,397268,430861,431247,240688,175049,86049,81961,236269,434024,492764,1062995,873353,310002,99290,137115,427830,315640,116692,5367286,343454,15015,477337,3348265,915270,589595
G260,2000,Michigan,26,260,Michigan,9938444,4873095,5065349,672005,745181,747012,431569,288298,140244,134087,369508,654629,707542,1598373,1367939,485895,159433,217711,642880,433678,142460,7966053,1412742,58479,308754,5883823,940228,521798
G270,2000,Minnesota,27,270,Minnesota,4919479,2435631,2483848,329594,355894,374995,226411,147951,70334,65906,186243,319826,353312,824182,665696,226857,75503,102509,295825,212840,85601,4400282,171731,54967,209757,2720332,647612,264996
G280,2000,Mississippi,28,280,Mississippi,2844658,1373554,1471104,204364,216920,218742,135161,98027,47999,44153,120795,192526,189272,425372,361981,132202,47422,66199,185710,114922,42891,1746099,1033809,11652,33077,1757566,208440,104248
G290,2000,Missouri,29,290,Missouri,5595211,2720177,2875034,369898,398898,412080,246816,166480,81184,76006,212308,362305,376428,887569,742462,279073,95840,132485,393226,263582,98571,4748083,629391,25076,110600,3342995,546847,279267
G300,2000,Montana,30,300,Montana,902195,449480,452715,54869,61963,69298,43932,27378,12889,12143,33347,51104,52175,141941,135088,47174,15906,22039,62519,43093,15337,817229,2692,56068,10476,523751,105908,42592
G310,2000,Nebraska,31,310,Nebraska,1711263,843351,867912,117048,123445,128934,80815,54094,26068,24849,69414,112049,111224,263834,225754,77584,26258,37698,115699,82543,33953,1533261,68541,14896,70612,989694,192231,79723
G320,2000,Nevada,32,320,Nevada,1998257,1018051,980206,145817,149322,139193,77467,49702,25378,25027,79601,148726,157885,321961,269050,105057,35967,49175,131775,70165,16989,1501886,135477,26420,258046,1243494,164749,80283
G330,2000,New Hampshire,33,330,New Hampshire,1235786,607687,628099,75685,88537,93255,52085,34603,15858,15053,37855,71355,88706,221179,183986,62664,19860,27135,78327,51412,18231,1186851,9035,2964,23722,681895,162401,82589
G340,2000,New Jersey,34,340,New Jersey,8414350,4082813,4331537,563785,604529,590577,328667,196549,96770,94284,289025,544917,644123,1435106,1158898,423338,139928,190718,574669,402468,135999,6104705,1141821,19492,934577,4568361,1137462,627053
G350,2000,New Mexico,35,350,New Mexico,1819046,894317,924729,130628,141171,147309,89466,56285,26641,24702,69948,115387,118704,282009,245819,87140,30051,41561,117745,71174,23306,1214253,34343,173483,330640,1038206,160781,112491
G360,2000,New York,36,360,New York,18976457,9146748,9829709,1239417,1351857,1332433,766400,521144,260034,249264,735011,1304725,1452599,3074298,2552936,932008,319811,436168,1276046,860818,311488,12893689,3014385,82461,2395740,10662233,2143379,1496654
G370,2000,North Carolina,37,370,North Carolina,8049313,3942695,4106618,539509,562553,551367,310618,229313,122685,117974,336849,601522,611893,1287120,1085150,400207,134692,188813,533777,329810,105461,5804656,1737545,99551,304301,4838019,867713,382264
G380,2000,North Dakota,38,380,North Dakota,642200,320524,321676,39400,42982,47464,31003,22615,11633,10800,28070,38792,38095,98004,85431,28926,9888,14619,45901,33851,14726,593181,3916,31329,6376,386550,72281,22470
G390,2000,Ohio,39,390,Ohio,11353140,5512262,5840878,754930,816346,827811,489252,327616,160084,150861,417983,735582,784312,1805316,1566384,553174,190279,265453,790252,540709,176796,9645453,1301307,24486,224009,6826363,1089588,552048
G400,2000,Oklahoma,40,400,Oklahoma,3450654,1695895,1754759,236353,244525,252029,159453,109920,54754,50548,141863,229026,222621,523522,453761,173199,59892,83238,242499,156276,57175,2628434,260968,273230,132037,2093869,315545,150976
G410,2000,Oregon,41,410,Oregon,3421399,1696550,1724849,223005,234474,242098,146949,97478,48047,45575,136784,233850,236845,526574,507155,173008,55894,75486,219342,161404,57431,2961623,55662,45211,254158,1989979,390259,196891
G420,2000,Pennsylvania,42,420,Pennsylvania,12281054,5929663,6351391,727804,827945,863849,502623,348363,168194,159135,418757,732701,827785,1948076,1705032,619969,210894,300762,969272,712326,237567,10484203,1224612,18348,411667,7410793,1250172,701101
G440,2000,Rhode Island,44,440,Rhode Island,1048319,503635,544684,63896,71905,71370,40651,34794,17258,16109,38446,64732,75594,170310,141863,49982,16298,22709,73684,57821,20897,891191,46908,5121,76848,612856,119675,68279
G450,2000,South Carolina,45,450,South Carolina,4012012,1948929,2063083,264679,285243,290479,169240,126137,62103,58504,161107,276855,283976,625124,550321,206762,69909,96240,270048,165016,50269,2695560,1185216,13718,77568,2444857,377855,180207
G460,2000,South Dakota,46,460,South Dakota,754844,374558,380286,51069,54486,59463,37631,24832,12175,11097,29530,45084,45929,115386,97682,33611,11780,16958,53129,38916,16086,669404,4685,62283,8316,444811,78586,28721
G470,2000,Tennessee,47,470,Tennessee,5689283,2770275,2919008,374880,395813,395155,232673,162511,81801,78907,225637,403829,412072,902527,786916,293942,100479,138830,382852,238994,81465,4563310,932809,15152,114903,3523211,512166,256670
G480,2000,Texas,48,480,Texas,20851820,10352910,10498910,1624628,1654184,1631192,976755,659477,323645,305288,910471,1591522,1570561,3322238,2611137,896521,295009,406660,1142608,691984,237940,14799505,2404566,118362,3014754,11876046,2115896,985948
G490,2000,Utah,49,490,Utah,2233169,1119031,1114138,209378,193033,192288,123999,92279,43149,46342,135661,178474,148590,299536,237710,80053,26447,36008,101548,66923,21751,1992975,17657,29684,145658,1188177,228169,99992
G500,2000,Vermont,50,500,Vermont,608827,298337,310490,33989,41101,45397,27036,18734,9222,8326,20304,34182,40385,101889,93832,32603,10212,14105,40683,26831,9996,589208,3063,2420,6801,336901,79255,45092
G510,2000,Virginia,51,510,Virginia,7078515,3471895,3606620,461982,495084,495955,285241,198824,101546,97926,281102,497172,539793,1200690,999256,358442,116718,156451,432456,272611,87266,5120110,1390293,21172,403871,3899193,898787,544711
G530,2000,Washington,53,530,Washington,5894121,2934300,2959821,394306,425909,434836,258792,169176,83126,78453,228606,403652,437478,975087,845972,285505,90326,120749,337166,240897,84085,4821823,190267,93301,575211,3283967,741366,359008
G540,2000,West Virginia,54,540,West Virginia,1808344,879170,929174,101805,111150,116182,73256,52322,26749,25050,68310,113577,115517,272249,270466,98916,35525,50375,148463,96653,31779,1718777,57232,3606,12941,1213981,118392,74196
G550,2000,Wisconsin,55,550,Wisconsin,5363675,2649041,2714634,342340,379484,403074,243858,163337,80549,74769,201974,333913,372255,875522,732306,252742,85316,119683,355307,251621,95625,4769857,304460,47228,175235,3178465,566896,250928
G560,2000,Wyoming,56,560,Wyoming,493782,248374,245408,30940,34127,38376,25430,16473,7633,6964,18858,30084,29770,78765,74079,24935,8303,11352,31343,19615,6735,454670,3722,11133,15374,293848,49561,22276
G010,2010,Alabama,1,10,Alabama,4779736,2320188,2459548,304957,308229,319655,199618,143853,72318,68473,194531,311034,297888,619501,693854,311906,116144,159983,370501,211607,75684,3275394,1251311,28218,153562,2909119,479056,258922
G020,2010,Alaska,2,20,Alaska,710231,369628,340603,53996,50887,50816,31679,20462,10628,10577,33214,55419,47706,92974,111026,49971,16471,19467,35350,14877,4711,473576,23263,104871,56646,397715,83063,43735
G040,2010,Arizona,4,40,Arizona,6392017,3175823,3216194,455715,453680,448664,270955,190627,93756,89342,259486,439998,416695,822494,842546,375268,144092,206868,497892,280539,103400,4667121,259008,296529,951059,3638136,742552,405640
G050,2010,Arkansas,5,50,Arkansas,2915918,1431637,1484281,197689,196877,197559,119350,84455,42770,40770,116110,192153,183739,366208,407266,183960,69489,97542,234602,133977,51402,2245229,449895,22248,141536,1809435,268497,129056
G060,2010,California,6,60,California,37253956,18517830,18736126,2531333,2505839,2590930,1666938,1157002,573642,555775,1636532,2744409,2573468,5182710,5252371,2204296,786276,1045921,2275336,1370210,600968,21453934,2299072,362801,11322765,20370421,4973155,2698686
G080,2010,Colorado,8,80,Colorado,5029196,2520662,2508534,343960,348603,332654,200392,139083,69437,67385,211793,372459,353819,699644,742698,328364,115654,153626,309960,170052,69613,4089202,201737,56010,509791,2547477,831705,443392
G090,2010,Connecticut,9,90,Connecticut,3574097,1739614,1834483,202106,222571,240265,152073,98761,48139,46335,133424,214145,206232,484438,575597,240157,84356,118939,254944,166717,84898,2772410,362296,11256,335459,1837766,533454,388781
G100,2010,Delaware,10,100,Delaware,897934,434939,462995,55886,56486,56848,36545,28038,14041,13372,35454,57603,53814,116087,133554,57816,21688,31425,72453,41080,15744,618617,191814,4181,59468,513860,110834,69836
G110,2010,District Of Columbia,11,110,District of Columbia,601723,284222,317501,32613,26147,25041,17014,22905,12516,11777,39817,69649,55096,80659,75703,34274,12871,16832,36969,21525,10315,231471,305125,2079,45732,266873,113138,121762
G120,2010,Florida,12,120,Florida,18801310,9189355,9611955,1073506,1080255,1130847,717483,510899,258030,248602,722126,1179227,1110318,2431254,2741493,1202418,458751,676499,1727940,1097537,434125,14109162,2999862,71458,1148251,11313004,2329986,1239789
G130,2010,Georgia,13,130,Georgia,9687653,4729171,4958482,686785,695161,689684,419922,290077,143471,137251,399358,673935,661625,1397540,1391252,573551,209870,286136,606429,311783,113823,5787440,2950435,32151,710138,5424681,1172045,632892
G150,2010,Hawaii,15,150,Hawaii,1360301,681243,679058,87407,83361,81539,51511,34483,18488,18853,58488,97302,88031,176373,193765,93340,35376,46846,100523,64377,30238,336599,21424,4164,677485,774870,191237,93603
G160,2010,Idaho,16,160,Idaho,1567582,785324,782258,121772,121195,116955,69150,46209,22204,21776,64229,106734,102231,191609,208537,96997,35125,48191,109534,59892,25242,1396487,9810,21441,100909,888916,176018,77050
G170,2010,Illinois,17,170,Illinois,12830632,6292276,6538356,835577,859405,879448,554749,367343,179613,172795,526556,910273,865684,1725890,1870879,807778,284180,381249,849535,524766,234912,9177877,1866414,43963,1452396,6929266,1775572,1006284
G180,2010,Indiana,18,180,Indiana,6483802,3189737,3294065,434075,444821,452171,277231,198284,98994,94313,258719,419530,407815,840830,946768,418515,150022,200606,452335,273501,115272,5467906,591397,18462,278136,3857737,673524,351771
G190,2010,Iowa,19,190,Iowa,3046355,1508319,1538036,202123,200646,200904,124320,92517,47227,44695,121428,197843,184740,364548,439726,204393,72152,96205,224656,153574,74658,2781561,89148,11084,111229,1780957,382858,158469
G200,2010,Kansas,20,200,Kansas,2853118,1415408,1437710,205492,202447,198884,120116,83705,42758,40931,120765,197783,179937,346673,406264,182512,63661,85074,190389,126409,59318,2391044,167864,28150,180127,1551252,384920,193257
G210,2010,Kentucky,21,210,Kentucky,4339367,2134952,2204415,282367,282888,284154,173962,122833,61268,58657,170043,285296,280920,576662,643097,288027,106469,144497,325314,183705,69208,3809537,337520,10120,106982,2680261,389201,249326
G220,2010,Louisiana,22,220,Louisiana,4533372,2219292,2314080,314260,306362,306836,190557,136222,68251,67763,202295,332925,295508,564599,654375,292567,103687,139308,311994,180177,65686,2836192,1452396,30579,141322,2751160,451795,211589
G230,2010,Maine,23,230,Maine,1328361,650056,678305,69520,74116,79013,51884,36426,17408,16566,45672,72681,71943,171376,218575,102441,37823,51837,112651,69293,29136,1264971,15707,8568,18174,788384,174778,92086
G240,2010,Maryland,24,240,Maryland,5773552,2791762,2981790,364488,366868,379029,242579,163662,81013,77465,235220,393548,368494,795572,902204,377989,134879,182900,386357,223159,98126,3359284,1700298,20420,528842,2954304,841797,638692
G250,2010,Massachusetts,25,250,Massachusetts,6547629,3166628,3381001,367087,385687,405613,260536,202220,101248,96372,278048,441525,403616,887149,1012435,432822,156594,213953,456460,301065,145199,5265236,434398,18850,657142,3299258,1085538,759001
G260,2010,Michigan,26,260,Michigan,9883640,4848114,5035526,596286,637784,675216,434782,304817,149350,138484,381238,589583,574566,1277974,1510033,683186,243067,325744,724709,444940,191881,7803120,1400362,62007,387832,5797979,1110456,650417
G270,2010,Minnesota,27,270,Minnesota,5303925,2632132,2671793,355504,355536,352342,220681,147148,72732,70594,212325,372686,342900,681094,807898,349589,120761,159014,354427,222030,106664,4524062,274412,60916,319390,2838901,822997,370851
G280,2010,Mississippi,28,280,Mississippi,2967297,1441240,1526057,210956,205672,208248,130679,93940,45798,43475,121621,199082,188171,374947,416976,186569,67854,92902,214469,121579,44359,1754684,1098385,15030,65091,1816321,259299,138530
G290,2010,Missouri,29,290,Missouri,5988927,2933477,3055450,390237,390463,396925,247811,175975,86528,83511,243250,403239,372228,748616,888572,389985,140830,192463,450490,274025,113779,4958770,693391,27376,184801,3485177,692630,386211
G300,2010,Montana,30,300,Montana,989415,496667,492748,62423,60765,61124,39251,27473,13789,13517,39832,64123,58741,112945,149832,75915,27095,35848,80742,45979,20021,884961,4027,62555,12896,569592,138864,59279
G310,2010,Nebraska,31,310,Nebraska,1826341,906296,920045,131908,128928,122706,75679,53251,26880,25679,76717,129076,116100,220838,258726,117686,41651,53839,123126,84243,39308,1572838,82885,18427,112681,1018226,242563,108592
G320,2010,Nevada,32,320,Nevada,2700551,1363616,1336935,187478,183077,183173,111280,71320,35554,34258,107697,196644,190642,383043,376527,164575,62389,88535,197781,96391,30187,1786688,218626,32062,537100,1628359,278317,133905
G330,2010,New Hampshire,33,330,New Hampshire,1316470,649394,667076,69806,77756,84620,55052,38568,18591,18356,47599,73121,71351,179178,225961,96289,34487,47467,96762,56745,24761,1236050,15035,3150,40853,714885,204409,112445
G340,2010,New Jersey,34,340,New Jersey,8791894,4279600,4512294,541020,564750,587335,372109,225990,108760,106219,326259,553139,556662,1238297,1379196,565623,201084,279458,611434,394948,179611,6029248,1204826,29026,1288491,4525307,1407064,805865
G350,2010,New Mexico,35,350,New Mexico,2059179,1017421,1041758,144981,143308,141691,88692,61169,29935,28237,84198,139678,127567,248523,292009,136799,51238,68899,153794,86468,31993,1407876,42550,193222,338521,1187096,205248,147473
G360,2010,New York,36,360,New York,19378102,9377147,10000955,1155822,1163955,1211456,793696,572582,293083,281596,836256,1380177,1279160,2610017,2878691,1237408,453993,612267,1360602,866467,390874,12740974,3073800,106906,2870573,10497579,2703864,1879762
G370,2010,North Carolina,37,370,North Carolina,9535483,4645492,4889991,632040,635945,631104,382546,277045,141076,136169,384328,627036,619557,1327151,1368646,600722,222924,315115,697567,389051,147461,6528950,2048628,122110,629596,5493451,1200645,575215
G380,2010,North Dakota,38,380,North Dakota,672591,339864,332727,44595,40076,39790,25410,22064,12484,12007,34465,49596,40889,75262,96657,45946,15575,20298,46873,33916,16688,605449,7960,36591,10738,398158,94595,33200
G390,2010,Ohio,39,390,Ohio,11536504,5632156,5904348,720856,747889,774699,487307,336375,163986,157045,442085,718630,691329,1479831,1742191,786857,284403,381006,850234,541352,230429,9539437,1407681,25292,326329,6810641,1297215,707627
G400,2010,Oklahoma,40,400,Oklahoma,3751351,1856977,1894374,264126,259336,253664,152540,111944,56068,54032,159142,265737,241018,460937,525611,235969,85815,118698,280467,164335,61912,2706845,277644,321687,223854,2229375,404532,188346
G410,2010,Oregon,41,410,Oregon,3831074,1896002,1935072,237556,237214,242553,149130,105730,52462,50575,150011,265033,259111,499525,539075,273423,100551,135592,290041,165620,77872,3204614,69206,53203,359292,2179943,509837,282605
G420,2010,Pennsylvania,42,420,Pennsylvania,12702379,6190363,6512016,729538,753635,791151,517831,387235,191942,183257,498947,781527,729592,1615669,1940404,879048,312575,430721,979538,674093,305676,10406288,1377689,26843,653724,7430402,1574306,912063
G440,2010,Rhode Island,44,440,Rhode Island,1052567,508400,544167,57448,60440,63824,42244,37802,19537,18508,44122,65799,61163,136860,162350,70634,25250,34705,73879,51252,26750,856869,60189,6058,94664,597369,144753,87311
G450,2010,South Carolina,45,450,South Carolina,4625364,2250101,2375263,302297,295853,297286,185038,143951,73846,69700,188948,304378,287678,601292,659428,303240,115411,165144,369043,192114,70717,3060000,1290684,19524,175221,2759918,521469,271142
G460,2010,South Dakota,46,460,South Dakota,814180,407381,406799,59621,55531,53960,33685,23943,11907,11739,33950,55570,49859,93112,116918,54231,18999,24574,57627,39728,19226,699392,10207,71817,15481,469198,102996,41745
G470,2010,Tennessee,47,470,Tennessee,6346105,3093504,3252601,407813,412181,418941,257066,180120,89380,86356,250508,417683,406314,854130,926436,414991,155235,215489,487074,266471,99917,4921948,1057315,19994,236839,3811262,691294,356834
G480,2010,Texas,48,480,Texas,25145561,12472280,12673281,1928473,1928234,1881883,1127234,755890,369040,359015,1089024,1853039,1760434,3458382,3435336,1422924,500523,674244,1472256,824451,305179,17701552,2979598,170972,3614438,14033511,2933785,1392272
G490,2010,Utah,49,490,Utah,2763885,1388317,1375568,263924,249572,227951,129580,91510,42204,45173,139142,229554,216133,332475,306964,133122,46154,60965,138224,80247,30991,2379560,29287,32927,246593,1407846,336637,154660
G500,2010,Vermont,50,500,Vermont,625741,308206,317535,31952,34654,37637,24990,21022,10433,9651,23767,35441,34181,78359,102603,48739,17634,23600,49538,28743,12797,596292,6277,2207,10212,342962,95777,58455
G510,2010,Virginia,51,510,Virginia,8001024,3925983,4075041,509625,511849,511246,320957,230008,117445,114918,339728,564342,526077,1108928,1214000,512595,186629,255740,549804,304730,122403,5486852,1551399,29225,700148,4214588,1171792,779862
G530,2010,Washington,53,530,Washington,6724540,3349707,3374833,439657,429877,438233,273587,188541,94086,91883,275543,480398,453383,908305,988205,453078,162454,219633,457220,253186,117271,5196362,240042,103869,871341,3678398,968382,516031
G540,2010,West Virginia,54,540,West Virginia,1852994,913586,939408,104060,106016,109045,68297,51795,25873,24305,67026,108444,112254,237494,276156,139368,53956,71501,163520,97963,35921,1739988,63124,3787,18953,1218633,154456,90264
G550,2010,Wisconsin,55,550,Wisconsin,5686986,2822400,2864586,358443,368617,375927,236505,162704,80763,78216,227573,372347,349347,725666,873753,385986,135437,178388,400496,258313,118505,4902067,359148,54526,266928,3299619,711962,341862
G560,2010,Wyoming,56,560,Wyoming,563626,287437,276189,40203,37213,35955,22031,16111,8377,7974,23967,41276,36373,66966,83577,40946,14123,18444,39568,21920,8602,511279,4748,13336,21902,334405,63476,30113
G720,2010,Puerto Rico,72,720,Puerto Rico,3725789,1785171,1940618,224756,240004,268571,169964,114295,58205,53104,149541,244159,248173,483528,487807,223607,87395,130682,311662,167740,62596,2825100,461498,19839,297106,2247341,423170,149064